1	australia; care; check; labor; mp; network; tony; video
2	candidate; important; labor; null
3	click; federal; funding; getting; local; null; photos; please; services; support; timeline
4	australian; null; photos; queensland; timeline
5	economy; facts; null; photos; record; timeline
6	check; click; coalition; labor; nbn; share
7	business; million; nbn; null; photos; timeline
8	click; continue; facts; gillard; give; julia; life; morning; pay; pm; read; share; think; today; young
9	labor; null; photos; timeline
10	disability; gillard; help; insurance; julia; national; pay; share; young
11	action; address; assistance; australia; australian; click; disability; getting; insurance; national; opportunity; scheme; share; support
12	announced; disability; funding; help; insurance; labor; national; null; photos; services; share; timeline; today
13	australia; click; friends; program; progressive; share; young
14	check; going; null; photos; swan; timeline; wayne
15	abbott; conference; federal; liberal; press; tony
16	abbott; australia; change; conference; cost; press; share; sure; tony
17	abbott; click; election; fair; gillard; labor; null; photos; read; share; swan; timeline
18	null; photos; please; share; timeline
19	education; funding; give; null; photos; support; system; timeline
20	continue; funding; null; photos; timeline
21	null; photos; timeline
22	education; gillard; julia; kids; link; minister; null; plan; prime
23	null; photos; timeline
24	debate; facts; give; labor; null; party; photos; timeline
25	null; photos; timeline
26	null; photos; plan; school; share; support; timeline
27	broadband; country; future; help; national; network; policy; support
28	broadband; nbn; null; photos; timeline; tony
29	broadband; null; photos; share; think; timeline
30	null; photos; plan; timeline
31	abbott; getting; going; join; keep; labor; nsw; null; people; photos; sure; timeline; tony; young
32	null; photos; timeline
33	click; null; photos; record; share; timeline
34	null; photos; timeline
35	facts; null; photos; share; timeline
36	check; null; photos; timeline; work
37	abbott; australia; economic; facts; null; photos; share; timeline; tony
38	abbott; help; keep; labor; nsw; null; photos; timeline; tony; young
39	liberal; null; party; people; photos; record; timeline
40	australia; click; help; labor; null; people; photos; services; timeline
41	care; labor; null; photos; timeline
42	families; jenny; live; minister; null; people; photos; timeline
43	business; carbon; government; null; photos; pollution; price; share; timeline
44	assistance; children; cost; families; help
45	campaign; help; join; labor; local; null; photos; timeline
46	help; keep; null; photos; timeline
47	funding; null; photos; timeline
48	click; friends; jobs; latest; million; null; photos; share; timeline
49	click; fair; gillard; julia; pay; public; share; work
50	better; labor; null; photos; timeline
51	null; photos; timeline
52	care; labor; swan; values; video; wayne; work; years
53	federal; government; labor; speech; years
54	andrew; mp; null; photos
55	around; international; julia; minister; opportunity; prime; today; women
56	economic; null; photos; timeline; world
57	aged; care; null; pay; photos; timeline; workers
58	null; outlined; photos; pm; timeline
59	australian; labor; news; party; passed; photos
60	sydney; video
61	friends; labor; null; photos; share; timeline
62	community; nsw; services; social
63	null; photos; social; timeline
64	australian; best; better; give; government; help; resources; school; students; support
65	announced; gillard; julia; null; photos; pm; students; timeline
66	deliver; null; pm; public; school
67	nbn; null; photos; think; timeline
68	announced; carbon; null; photos; price; timeline; week
69	null; photos; please; sure; timeline; vote
70	news; null; photos; timeline
71	campaign; help; industry; labor; live; share; sign; years
72	health; minister; null; photos; program; school; timeline; work
73	address; gillard; julia; labor; null; photos; pm; sydney; timeline
74	australia; carbon; change; click; climate; friends; president; price; share; state; talk
75	bill; null; photos
76	around; null; photos; record; timeline; world
77	best; build; government; including; null; photos; timeline
78	australian; labor; null; party
79	click; null; photos; plan; sign; timeline; tony
80	deliver; education; gillard; julia; null; photos; pm; share; support; timeline; today; years
81	null; pay; photos; timeline
82	bill; mp; null; photos; timeline
83	announced; election; federal; help; join; labor; null; pm
84	carbon; null; photos; price; timeline
85	null; photos; timeline
86	children; school
87	address; australia; australian; disability; funding; insurance; national; record
88	null; photos; timeline
89	australia; australian; budget; carbon; economy; mining; tax
90	keep; null; photos; timeline; tony
91	economy; facts; minister
92	announced; gillard; julia; mp; prime; read; today
93	australian; families; null; page; questions
94	australian; care; community; help; people; please; support
95	null
96	important; international; labor; launch; minister; national; opportunity; pm; prime; speech; today; years
97	disability; insurance; national; news; nsw; null; photos; timeline
98	gillard; help; julia; null; pm; world
99	australian; better; bill; click; education; gillard; julia; kids; null; photos; plan; share; timeline; today
100	cuts; local; null; photos; queensland; share; sign; spread; timeline
101	campaign; candidate; going; labor; morning; null; people; photos; timeline
102	australia; billion; government; home; industry; labor; news; parliament; passed; trade; world
103	click; including; read
104	better; give; null; people; photos; timeline
105	
106	null; sure; swan; treasurer; wayne
107	null
108	election; government; years
109	aged; null; week
110	change; check; climate; energy; help; labor; minister; share; spread; support; video
111	australia; campaign; click; null
112	carbon; going; liberal; parliament; party; price; share
113	australian; click; federal; gillard; government; labor; plan; share; support; system
114	australian; null; page
115	null; photos; prime; timeline
116	julia; students
117	gillard; julia; null; photos; timeline
118	
119	cuts; education; null; school; students; support
120	labor; legislation; members; parliament; platform
121	budget; nsw; sydney; week
122	labor; liberal; nsw; party; state; think
123	leader; opposition; public
124	change; null; photos; please; timeline; today
125	gillard; john; julia; labor; leave; minister; null; passed; pm; prime; read
126	economy; null; photos; timeline
127	null; today; work
128	abbott; check; friends; pm; share; tony
129	andrew; mp; null; photos; read; support; timeline
130	click; help; please; policy; share; sign; support; video
131	abbott; carbon; null; price; today; tony
132	legislation
133	check; fair; john; opportunity; swan; video; wayne
134	alp; candidate; click; disability; families; insurance; launch; national; read; scheme; share
135	check; help; ideas; morning; tackle; together; work
136	community; country; gillard; julia; keep; local; null; opportunity; policy
137	cuts; help; jobs; labor; null; party; photos; timeline; vote
138	alp; gillard; julia; morning; nsw; null; photos; pm; speech; timeline
139	abbott; best; click; john; null; policy; share; tony
140	click; labor; members; national; null
141	including; julia; minister; null; price; prime; speech; watch
142	life; week
143	australia; blog; carbon; check; clean; click; energy; future; julia; pay; pollution; price; share; support; today
144	blog; check; families; federal; health; labor; minister; mp; read; sydney; video
145	children; click; families; jenny; labor; latest; life; macklin; news; share
146	families; labor; null; photos; timeline; today
147	community; federal; labor; minister; mp; news; nsw; parliamentary; sydney
148	null; photos; timeline
149	care; click; friends; gillard; join; julia; kids; labor; link; minister; morning; prime; share; talk; young
150	abbott; australian; click; economy; friends; getting; hockey; labor; share; talk; tony
151	candidate; labor; local; members; party; people; political; sydney; think; vote
152	address; gillard; government; house; million; public
153	abbott; australia; click; community; disability; hockey; insurance; labor; mr; national; share; support; tony
154	check; families; gillard; government; jenny; julia; labor; macklin; minister; services; support; swan; wayne
155	gillard; julia; million; null; photos; pm; read; timeline
156	australia; build; check; help; labor; party; week
157	abbott; check; click; null; share; tony; video
158	budget; click; federal; gillard; julia; link; minister; prime
159	australia; click; facts; liberal; null; party; share; spread
160	check; mark; minister; national; null; social; video; week
161	abbott; build; help; join; labor; nsw; null; photos; timeline; tony
162	check; fair; families; million; null; parliament; passed; photos; timeline; today
163	australia; budget; economy; fair; strong; swan; treasurer; wayne
164	blog; budget; fair; give; null; photos; read; swan; timeline; treasurer; wayne
165	gillard; julia; null; photos; pm; sydney; timeline
166	australia; disability; gillard; insurance; julia; labor; launch; national; scheme; watch
167	australia; federal; including; mark; swan; treasurer; wayne; years
168	aged; better; care; gillard; julia; mark; minister; null; package; watch
169	australian; families; give; government; hockey; liberal; million; party; plan; please; share; support; treasurer
170	funding; future; gillard; going; government; home; julia; online; questions; school; twitter
171	australian; future; julia; national; null; plan; speech; think; watch
172	around; better; billion; jobs; labor; package; people; reform; skills; system; years
173	australian; best; broadband; business; coalition; nbn; nsw; regional; senator
174	australian; best; business; cost; government; labor; minister
175	minister; read; sydney; world
176	benefits; best; coalition; comes; education; give; latest; nsw; program; senator
177	labor; life; minister; morning; paid; pm; prime; sydney; today
178	announced; blog; broadband; check; getting; hospitals; latest; million; minister; national; nbn; network; prime; spread; yesterday
179	house; important; legislation; minister; passed; reform; state
180	community; economy; government; labor; strong; swan; treasurer; wayne
181	abbott; announced; hospitals; million; nbn; null; plan; tony
182	announced; broadband; click; gillard; hospitals; julia; million; national; nbn; network; plan; pm; years
183	families; give; help; labor; minister; paid; plan; state; tony; work
184	better; blog; check; community; local; nsw; senator
185	budget; economic; economy; gillard; latest; note; skills; treasurer; wayne
186	john; labor; life; read; senator; speech
187	australian; benefits; gillard; legislation; mining; minister; parliament; passed; people; prime; read; resources
188	announced; australia; australian; future; gillard; jobs; julia; million; skills; today
189	gillard; julia; passed; pm; world
190	australian; benefits; deliver; economic; fair; gillard; help; labor; mining; passed; reform; resources; share; swan; tax; treasurer; wayne
191	benefits; click; deliver; economic; economy; fair; gillard; help; keep; labor; mining; reform; strong; tax
192	australian; government; help; industry; jobs; julia; labor; minister; null; package; prime; skills; speech; today
193	benefits; better; economic; help; latest; leave; mining; note; online; read; reform; resources; share; today; treasurer; vote; wayne; work
194	billion; coalition; deliver; government; labor; opposition; tony
195	australian; labor; leave; life; party; please
196	alp; blog; conference; labor; launch; national; platform; read; today
197	alp; community; launch; members; national; platform; program; read; share; values
198	better; getting; gillard; jobs; julia; pm; skills
199	abbott; action; carbon; change; climate; coalition; leader; minister; mr; opposition; plan; public; tony
200	australia; gillard; julia; minister; trade
201	australia; debate; economic; economy; fair; important; latest; note; opportunity; political; strong; treasurer; wayne; world
202	australia; history; important; minister
203	international; null; prime
204	blog; international; minister; think; today
205	conference; gillard; julia; minister; nsw; null; press; prime; watch
206	abbott; campaign; coalition; continue; funding; minister; outlined; report; review; school; today; tony
207	abbott; andrew; coalition; comes; leave; mr; opposition; paid; parental; pay; plan; tony; yesterday
208	economy; fair; federal; future; join; live; minister; prime; sign; swan; treasurer; twitter; wayne
209	better; economic; fair; future; latest; life; national; note; press; read; speech; swan; twitter; wayne; work
210	cost; help; including; latest; million; support
211	australian; deliver; education; fair; funding; give; kids; minister; opportunity; report
212	australia; gillard; government; julia; labor; minister; null; prime
213	best; gillard; government; including; minister; today; together
214	australia; australian; better; fair; history; life; national; read; swan; treasurer; wayne; work
215	minister; please
216	australia; health; house; minister; morning; national; parliament; provide; support; today; women
217	australian; gillard; house; julia; launch; minister; parliament; prime; speech
218	conference; gillard; julia; minister; null; press; prime
219	benefits; education; nsw; program; public; read; school; senator; speech
220	clean; economic; energy; gillard; government; labor; latest; note; price; skills; treasurer; wayne
221	australian; challenge; labor; national; party; week
222	announced; australia; australian; business; forward; gillard; government; labor; mark; minister; news; nsw; party; prime; senator; today
223	conference; continue; federal; julia; labor; leader; minister; null; parliamentary; press; prime
224	announced; federal; labor; leader; minister; morning; party; prime
225	minister; prime; rudd; today
226	community; give; members; null; online; photos; policy; timeline
227	education; funding; future; history; join; link; live; minister; questions; school; today; watch
228	education; funding; future; null; page; school
229	null
230	best; build; community; education; give; life; local; national; opportunity; people; report; school; skills; young
231	null; photos; timeline
232	australia; billion; comes; cost; country; fair; government; industry; labor; minister
233	australian; community; funding; gillard; government; review; school; system
234	better; care; economic; health; home; latest; life; note; opportunity; pay; plan; today; treasurer; wayne; work
235	gillard; home; julia; minister; national; pay; prime; years
236	children; community; facts; minister
237	australian; coalition; economy; election; john; leader; liberal; million; minister; opposition; policy; tax
238	abbott; action; australian; billion; budget; comes; cuts; deliver; health; insurance; labor; latest; opposition; plan; services; talk; today; tony
239	billion; families; health; house; insurance; legislation; minister; passed; system; today; years
240	gillard; julia; minister; null; prime
241	australian; home; legislation; minister; parliament; public; today; years
242	minister; parliamentary; prime; read; speech; work
243	latest; minister; national; nsw; prime; senator; today; young
244	around; economic; labor; latest; million; minister; note; people; prime; support; treasurer; wayne
245	abbott; australian; budget; check; comes; debate; economy; jobs; labor; latest; plan; support; think; tony
246	null; photos; timeline
247	change; clean; coalition; families; health; insurance; keep; labor; legislation; minister; opposition; people; policy; today; workers
248	null; photos; sydney; timeline
249	australia; australian; best; bill; government; labor; system; workers
250	benefits; budget; economy; labor; parliament; read; treasurer; world; years
251	house; minister; nsw; queensland; services; speech; yesterday
252	australia; australian; government; julia; million; minister; prime
253	andrew; economy; government; labor
254	address; better; build; economy; minister; national; press; read; support
255	children; funding; help; home; keep; labor; million; minister; school
256	abbott; billion; coalition; comes; continue; cost; cuts; getting; tony
257	conference; gillard; julia; minister; press; prime
258	australia; education; getting; gillard; government; labor; latest; opportunity; reform; students
259	andrew; billion; budget; coalition; economic; education; government; hockey; keep; minister; tony
260	carbon; change; climate; coalition; comes; latest; price
261	gillard; julia; minister; pm; prime; speech
262	government; important; labor; minister
263	australia; minister; provide; today; tony; world
264	local; minister; morning; prime; queensland; senator; swan; today; wayne
265	abbott; campaign; going; labor; liberal; million; national; parliament; parliamentary; party; political; today; tony
266	andrew; labor; morning; mp; people; record; think; twitter
267	null; photos; timeline
268	alp; australia; australian; check; keep; labor; party; political; years
269	australian; better; education; gillard; government; news; pay; provide; skills; students; system
270	fair; paid; pay; work; workers
271	australian; economy; gillard; julia; minister; prime; read; speech; together; world
272	abbott; clean; government; hockey; million; opposition; plan; today; tony; years
273	abbott; address; cuts; government; labor; latest; minister; national; press; tax; today; tony
274	andrew; australian; country; government; labor; latest; minister; years
275	around; australian; deliver; economic; economy; jobs; note; treasurer; wayne
276	minister; queensland; senator; week
277	abbott; debate; government; labor; mark; political; think; tony
278	address; australian; labor; live; sign; twitter
279	abbott; australia; better; billion; going; health; hospitals; important; insurance; latest; tony; world; years
280	australian; future; support; sure
281	announced; australia; check; gillard; government; million; plan; tackle; today
282	abbott; latest; tony
283	abbott; help; leader; mr; opposition; plan; support; today; tony
284	australian; community; gillard; labor; online; party
285	blog; friends; important; think
286	check; labor; nsw; null; online
287	aged; families; help; school
288	gillard; julia; years
289	gillard; julia; labor; members
290	blog; leave
291	jenny; macklin; null; talk; week; work
292	australia; broadband; national; nbn; network; people; think; video
293	history; labor; quiz
294	better; ideas; null; photos; please; policy; timeline
295	jenny; national; null; president
296	conference; live; national; null; sure; today
297	alp; australia; null
298	alp; australian; blog; build; community; conference; future; join; labor; live; national; online; party; political; progressive; watch
299	aged; care; disability; insurance; labor; national; null; reform; scheme
300	around; events; null; program
301	conference; live; national; null
302	australian; disability; going; insurance; international; labor; morning; national; passed; people; platform; reform; scheme; today
303	conference; disability; fair; insurance; join; live; national; scheme; today
304	australian; julia; labor; members; party; political; swan; wayne; years
305	australian; blog; build; clean; community; conference; education; energy; future; join; labor; live; national; online; party; political; progressive; watch; world
306	alp; conference; live; national; watch
307	abbott; action; change; click; climate; coalition; friends; mark; plan; today; tony; years
308	australian; best; better; care; community; industry; local; members; people; public; today; work; years
309	australian; click; conference; going; labor; national; null; photos; program
310	action; announced; clean; energy; funding; future; help; million; minister; program; senator; today; years
311	australia; debate; nsw; public; senator
312	australian; conference; labor; national; null; photos; policy; program; think
313	alp; announced; australian; election; jenny; national; president; support; tony; years
314	australian; conference; including; labor; national; null; photos; program
315	best; forward; house; life; members; parliament; political; today
316	benefits; deliver; fair; federal; government; important; labor; million; mining; reform; resources; spread; support; tax
317	australian; conference; friends; labor; national; null; program
318	australia; best; build; community; government; health; john; labor; social; work
319	coalition; gillard; government; house; labor; read
320	alp; australian; conference; events; labor; national; null; photos; program
321	australia; australian; check; conference; events; labor; national; null; photos; program; progressive
322	build; forward; help; labor; members; national; nsw; party; policy; reform
323	alp; labor; party; policy; price; read
324	alp; australian; economy; fair; julia; labor; national; strong; today; vote
325	budget; economic; price; reform; wayne
326	alp; candidate; check; national; null; president; week
327	community; gillard; government; julia; live; watch
328	andrew; better; carbon; change; clean; climate; economic; energy; future; history; labor; legislation; parliament; passed; pollution; price; reform; think
329	clean; energy; future; gillard; history; julia; legislation; null; parliament
330	action; clean; climate; energy; future; legislation; null; passed
331	alp; around; australia; check; conference; members; national; program; progressive; social; together; values; world
332	benefits; economic; million; mining; reform; spread; tax
333	address; election; friends; null; share; video; vote
334	connect; john; labor; national; null; president
335	change; climate; liberal
336	australian; children; families; help; labor; million; package; services; years; young
337	better; fair; help; ideas; labor; local; national; opportunity; share; sure
338	national; null; president; senator
339	alp; connect; labor; mp; national; page; party; president; support
340	alp; connect; jenny; labor; national; party; president; questions; watch
341	alp; check; connect; labor; national; party; president; tony
342	australian; candidate; economy; election; fair; julia; labor; national; strong
343	australian; better; community; gillard; give; government; important; industry; labor; live; minister; news; please; read; trade
344	abbott; business; clean; energy; future; gillard; government; latest; leader; opposition; tony
345	cost; nbn; pay; today
346	australian; campaign; important; news; sign; sure
347	blog; debate; keep; live; president
348	australian; comes; debate; economic; economy; jobs; labor; note; pay; strong; support; swan; values; wayne
349	abbott; action; carbon; change; climate; leader; liberal; mr; price; support
350	abbott; change; climate; null; tony
351	action; climate; house; important; live; parliament; parliamentary; party; price; today; watch
352	action; assistance; australia; australian; carbon; coalition; debate; including; join; liberal; national; plan; support; today; together; workers
353	around; billion; economic; legislation; senator; social; support
354	education; families; gillard; jenny; macklin; million; minister; work
355	alp; conference; ideas; important; national; platform; please; policy; values; website
356	conference; members; national; party; president; questions; thinktank; vote; years
357	australian; families; labor; leave; paid; parental; scheme
358	important; life; reform; swan; tax; wayne
359	alp; andrew; click; political; reform; tax; trade; website
360	future; home; live; page; plan; tax; twitter; watch; website
361	facts; give; government; labor; workers
362	around; build; education; funding; going; help; kids; million; minister; school; skills; students; trade
363	cost; federal; friends; labor; null
364	bill; connect; debate; events; labor; local; nsw; social; strong
365	abbott; action; campaign; change; climate; industry; resources; tony; workers
366	australian; carbon; change; climate; debate; families; friends; price; record; share; video
367	alp; give; history; labor; leader; opposition; party; state
368	australian; benefits; continue; economic; economy; labor; minister; spread; strong; swan; wayne
369	announced; australia; help; jenny; macklin; million; today
370	australia; benefits; clean; cost; jobs; regional
371	aged; assistance; australian; carbon; coalition; deliver; families; hockey; including; julia; labor; mining; plan; tax; today; work; workers
372	address; carbon; gillard; give; julia; labor; minister; party; pm; pollution; prime; speech; strong; sure; values
373	blog; community; jenny; launch; national; people; president; sydney
374	address; carbon; gillard; give; julia; labor; minister; party; pollution; prime; speech; strong; sure; values
375	action; care; check; connect; friends; help; home; important; national; website
376	carbon; gillard; history
377	carbon; check; comes; labor; liberal; null; video
378	abbott; action; carbon; change; climate; government; leader; legislation; opposition; parliament; price; tony
379	change; future; government; help; please; share; today
380	australian; check; labor; school
381	benefits; carbon; clean; economic; energy; future; news; pollution
382	better; campaign; election; government; nsw; public; services; state; work; workers
383	bill; blog; mining; pay; read; record
384	australian; business; gillard; help; home; jobs; labor; resources; week; work
385	abbott; liberal; mp; tony
386	twitter
387	around; australia; gillard; health; labor; news; record; regional; services; today
388	announced; australian; blog; check; government; help; jenny; leave; paid; parental; plan; public; scheme; today; work
389	cost; help; million; years
390	abbott; australia; coalition; gillard; government; john; leader; mr; opposition; prime; support; tony
391	abbott; australian; billion; economic; leader; liberal; mr; opposition; people; tony
392	australia; government; important; national; opportunity; provide; reform; tax
393	aged; benefits; best; community; economic; gillard; government; report; today
394	australian; business; economy; future; gillard; help; labor; news; parliamentary; support; tax
395	better; economy; federal; live; local; mp; people; support; work
396	budget; community; economic; economy; families; home; local; members; parliamentary; strong; swan; system; today; wayne
397	gillard; important; million; workers
398	abbott; action; campaign; carbon; change; clean; climate; energy; gillard; international; leader; mr; opposition; plan; price; public; think; tony; trade; week
399	million; talk; today; work; workers
400	action; assistance; carbon; change; climate; cost; families; give; help; package; pay; plan; policy; pollution; scheme; tony
401	economic; economy; government; null; passed; people; wayne
402	around; australia; carbon; clean; energy; jobs; price; queensland; read; regional; today
403	abbott; leader; mining; opposition; support; tony
404	best; families; gillard; government; health; help; ideas; julia; labor; local; mark; minister; national; prime; think; today
405	alp; australian; community; conference; connect; events; labor; national; program
406	country; labor; null; regional; sure
407	change; climate; hockey; null
408	help; labor; null; share; together
409	action; australia; business; campaign; carbon; change; clean; climate; energy; future; mark; minister; parliamentary; plan; price; tony
410	action; campaign; carbon; change; clean; climate; community; energy; forward; future; gillard; government; help; labor; legislation; plan; please; price; share; swan; today; wayne
411	better; connect; federal; ideas; labor; national; platform; policy; share; sign; think; thinktank; vote; watch
412	australian; help; including; people; rudd; vote; yesterday
413	carbon; families; going; jenny; macklin; null
414	action; announced; carbon; change; clean; climate; energy; future; gillard; government; labor; million; plan; pollution; tony
415	abbott; action; around; better; change; check; climate; online; tax; think; tony
416	federal; government; national
417	australian; house; local; political; sydney
418	abbott; action; australian; campaign; carbon; change; climate; leader; mr; national; opposition; political; price; tony; yesterday
419	better; friends; leave; members; people; please; support; world; young
420	australian; connect; labor; members; party; please; progressive; social; trade
421	government; labor; liberal; national; null
422	abbott; action; assistance; campaign; change; climate; country; government; mr; package; think
423	click; national; null; page; school; students; support; today
424	community; energy; gillard; help; local; million; null; package; photos; provide; timeline
425	action; campaign; change; clean; climate; country; energy; join; labor; minister; party; sure; talk; week
426	carbon; economic; economy; minister; policy; price; prime; reform; tony
427	action; build; campaign; change; children; clean; climate; energy; future; gillard; government; jobs; join; labor; plan; support; tackle; today
428	bill; blog; carbon; including; jenny; macklin; minister; price; week
429	abbott; action; campaign; carbon; change; clean; climate; energy; future; leader; opposition; price; tony
430	australian; bill; economy; future; national; tax
431	carbon; families; gillard; government; help; julia; null; plan; pm; pollution; price; questions; think; together; tony
432	action; assistance; budget; carbon; change; climate; cost; jenny; kids; macklin; price; week
433	action; address; clean; energy; future; gillard; julia; null; pollution; price
434	action; announced; around; australia; business; carbon; change; climate; energy; future; gillard; government; help; minister; pay; pollution; price; prime; senator; today; treasurer; wayne
435	action; carbon; change; clean; climate; energy; future; gillard; important; julia; minister; outlined; plan; pollution; prime; today
436	build; children; clean; climate; energy; future; gillard; government; jobs; labor; null; plan; support; tackle
437	abbott; action; carbon; change; climate; facts; gillard; leader; opposition; pollution; price; tony
438	action; build; change; clean; climate; energy; future; going; null; page; pollution; price; together
439	abbott; check; history; leader; life; mr; null; opposition; tony; video
440	alp; jenny; national; president; today
441	action; australian; change; climate; cost; facts; friends; opposition; please; policy; pollution; price; support; sure; today; tony; website
442	fair; jenny; kids; macklin; pay; share; tackle; watch
443	australian; read
444	action; australian; change; clean; climate; economy; energy; gillard; government; news; policy; pollution; price; tackle
445	abbott; action; australian; change; climate; cost; opposition; policy; support; today; tony; yesterday
446	abbott; null; tony
447	education; minister; null; prime; school; swan; together; video; wayne
448	abbott; bill; getting; government; labor; leave; news; website
449	community; events; home; live; network; news; provide; watch
450	australian; hockey; public
451	australia; history; people; political; program; progressive; sydney; young
452	australia; cost; facts; funding; industry; minister; workers
453	abbott; action; change; check; climate; please; pollution; price; share; tony; video
454	jenny; macklin; members; minister; people
455	australia; build; connect; ideas; labor; members; national; platform; policy; review; thinktank; today
456	connect; economic; economy; future; ideas; labor; members; national; platform; policy; review; share; think; thinktank; today; vote
457	action; australia; build; change; clean; climate; economic; energy; gillard; help; jobs; null; price; record; regional
458	check; connect; future; ideas; labor; members; national; platform; policy; review; thinktank
459	australian; future; john; labor; national; party; please; read; review; senator; share
460	announced; conference; government; live; minister; press; senator; today; trade
461	action; address; change; climate; economic; economy; forward; minister; national; outlined; pollution; press; price; prime; reform; speech; strong; swan; today; treasurer; wayne
462	abbott; null; tony
463	action; change; climate; null; photos
464	action; campaign; change; climate; null; page; pollution; price; sure
465	action; australian; carbon; change; climate; facts; national; page; price; reform; report; talk; website
466	check; climate; conference; gillard; julia; national; press; report; today; world; yesterday
467	australian; community; gillard; health; important; labor; legislation; public; today; world; yesterday
468	blog; change; climate; facts; julia; read; report
469	friends; null
470	bill; children; cost; economic; read; school; social; years
471	australian; labor; mark; members; national; null; today; together
472	action; liberal; mp; policy; price; senator; tony
473	australian; economy; gillard; jobs; labor; news; record; strong; workers
474	australian; change; check; climate; facts; give; government; labor; regional
475	australian; government; hockey; labor; mr; parliament; people; public; today
476	events; health; home; live; mark; national; network; news; press; provide; reform; watch
477	action; address; australian; change; climate; friends; help; important; please; report; share
478	australia; blog; conference; labor; national; page; women
479	budget; check; give; null; page
480	gillard; julia; live; nbn; null
481	budget; check; wayne
482	keep; labor; national; network; null; sure; work
483	budget; change; country; economic; facts; getting; note; opportunity; parliament; talk; wayne
484	assistance; economy; facts; labor; leave; minister; people; program; scheme; senator; week
485	conference; join; labor; national; network; null
486	abbott; budget; economic; give; important; leader; speech; think; tony
487	budget; conference; gillard; health; julia; mark; minister; press; prime; support
488	abbott; australian; budget; economic; hockey; labor; liberal; mr; people; think; tony; week
489	australia; better; blog; budget; build; economy; jobs; mining; people; skills; spread; strong; swan; wayne
490	budget; economy; null; strong; swan; wayne
491	australia; budget; economy; forward; gillard; government; strong; video; wayne
492	budget; null; yesterday
493	australia; conference; null; photos; progressive
494	australia; australian; best; blog; challenge; conference; deliver; economic; events; labor; party; political; progressive; services; social
495	budget; null; photos; swan; wayne
496	australia; education; getting; jobs; labor; party; people; skills; work
497	assistance; australian; community; gillard; government; help; labor; news; package; pollution; price
498	address; australia; conference; live; morning; progressive; questions; watch
499	australia; conference; john; live; progressive; questions
500	australia; conference; join; live; progressive; questions
501	australia; conference; john; join; live; progressive; questions; watch
502	australia; conference; join; live; progressive; questions; sydney
503	australia; blog; check; conference; opposition; progressive
504	blog; home; reform
505	australia; better; click; conference; null; progressive; watch
506	check; fair; senator; website; work
507	announced; education; gillard; government; important; members; national; parliamentary; pay; school; senator
508	business; community; economic; fair; local; note; price; read; swan; today; wayne
509	australia; home; null; progressive; sure
510	australia; null; progressive
511	australia; click; conference; live; online; progressive
512	australia; conference; forward; jenny; john; mark; progressive; tony
513	announced; gillard; government; julia; mark; million; minister; national; pm; prime; today; years
514	australia; best; country; help; important; minister; public; resources; senator
515	australian; children; families; funding; gillard; government; million; national; program; provide; services; support; today; years
516	australia; blog; national; progressive; social; today; together; values
517	join; live; national; news; null; plan; pollution; press; price; twitter
518	andrew; bill; connect; health; labor; review; world
519	australia; conference; debate; deliver; going; jobs; opportunity; people; policy; progressive; provide; sign; today
520	null; page; swan; wayne
521	australia; australian; best; click; deliver; economic; labor; link; progressive; services; social; years
522	australia; australian; best; check; conference; international; labor; progressive; sydney; tackle; values; website
523	gillard; government; john; review; services; tax
524	action; labor; parliament; party; review
525	action; australian; blog; government; plan; reform; tax; tony
526	australia; gillard; julia; minister; pay; prime; report; today; values; world; years
527	action; blog; gillard; join; julia; labor; minister; prime; sure; video
528	action; gillard; julia; minister; pm; prime
529	abbott; action; carbon; change; climate; coalition; cuts; going; hockey; keep; null; pollution; price; tax; tony
530	action; carbon; change; climate; house; members; sign; social; today
531	action; australia; australian; best; country; economic; government; jobs; plan; think; years
532	conference; government; minister; national; news; null; press; tony
533	better; blog; carbon; change; climate; government; labor; policy; price; report
534	announced; australian; federal; gillard; julia; labor; national; party; strong
535	campaign; minister; national; support; sure; tony; video
536	australian; click; continue; economic; jobs; note; page; wayne; week; world
537	abbott; action; australian; change; climate; community; minister; mr; opposition; think; tony
538	gillard; join; julia; null; sure; twitter
539	abbott; change; climate; coalition; liberal; opposition; party; policy; tony; world
540	carbon; coalition; friends; leader; opposition; plan; record; share
541	click; null; page; sure; swan; wayne
542	announced; australian; forward; give; million; minister; national; opportunity; press; today; women; years
543	events; home; live; minister; national; network; news; press; provide; watch; women
544	international; labor; national; network; null; sure
545	international; labor; national; network; women; years
546	abbott; null; scheme
547	address; blog; challenge; change; future; labor; members; party; people; progressive; queensland; social; young
548	government; national; null; please; sign
549	around; international; labor; national; network; null; sure
550	address; alp; australia; connect; international; minister; national; press; watch; women; years
551	carbon; change; climate; community; energy; mark; parliamentary; price; talk
552	billion; budget; carbon; change; climate; leader; null; plan; policy; tony
553	conference; labor; national; network; null
554	action; carbon; change; climate; null; support; tony
555	help; people; press; young
556	australia; friends; going; help; house; join; keep; legislation; null; passed; pay; week; yesterday
557	carbon; clean; economic; gillard; government; julia; price; read
558	australia; carbon; change; clean; climate; deliver; economic; energy; gillard; julia; minister; morning; outlined; plan; price; prime; questions; reform; tackle
559	conference; events; gillard; home; julia; network; news; press; provide; watch
560	keep; null; support; video
561	australian; build; change; children; future; john; labor; news; party; people; political; reform; report; today; together
562	andrew; australian; gillard; julia; legislation; minister; package; prime; support; today
563	australia; debate; gillard; house; join; julia; news; pay; sure; today; vote
564	australian; community; fair; government; help; including; million; services
565	forward; health; help; minister; nbn; opportunity; today
566	better; billion; gillard; government; health; hospitals; julia; national; public; reform
567	australia; care; going; national; people
568	australia; care; check; page; pay; record; twitter; video
569	australia; friends; null; pay; please; share
570	australia; care; friends; going; national; people; please; share; support
571	gillard; julia; minister; political; press; prime; week
572	australian; best; friends; labor; people; queensland
573	gillard; julia; public
574	minister; prime; queensland; swan; wayne
575	assistance; families; government; help; million; please; queensland; share
576	friends; government; link; please; queensland; share
577	conference; families; gillard; julia; minister; press; prime; queensland
578	announced; assistance; gillard; government; help; labor; local; people; provide; support; today; work
579	australian; care; families; gillard; julia; leave; paid; parental; years
580	check; federal; labor; website
581	around; australian; business; comes; community; economic; economy; note; people; review; sydney; week
582	budget; connect; ideas; labor; minister; prime; swan; thinktank; today; treasurer; wayne
583	announced; australian; education; history; minister; prime; school; today; years
584	announced; australian; families; government; health; history; labor; million; package; parliamentary; strong
585	action; better; gillard; government; please; reform; share; support
586	announced; gillard; government; important; life; support; today
587	campaign; community; election; home; labor; link; local; mp
588	broadband; economic; economy; latest; minister; national; nbn; network; opposition; senator; think; today
589	announced; education; help; million; minister; national; school; today
590	australian; care; children; give; government; help; million; services; young
591	change; climate; economic; national; nbn; note; pm; wayne; week
592	care; gillard; government; health; labor; latest; national; network; system; work
593	australia; change; climate; connect; labor; today; workers
594	change; climate; economic; note; wayne; week
595	country; education; launch; opportunity; social; speech; spread; swan; watch; wayne; yesterday
596	broadband; business; nbn; services; today; world
597	announced; check; labor; party; video
598	aged; care; fair; gillard; government; julia; labor; pay; work
599	leave; paid; parental; scheme
600	labor; null; page; party
601	business; change; climate; economic; note; read; resources; wayne
602	connect; gillard; government; link; social; week
603	null; support; swan; wayne
604	history; important; jenny; macklin
605	education; keep; null; page; policy
606	campaign; john; labor; launch; live; null; party; watch
607	best; comes; economic; important; including; note; review; swan; wayne; week
608	labor; social; values
609	debate; election; going; labor
610	business; minister; opportunity; support; women; work
611	federal; minister; mp; null
612	blog; budget; check; economic; economy; minister; prime; public; report; strong; swan; today; treasurer; wayne; yesterday
613	care; gillard; government; health; minister; sure; today; world
614	announced; australian; gillard; government; important; null; strong; system; today
615	election; john; labor; party
616	announced; australia; australian; cost; energy; gillard; help; join; julia; news; people; prime; support; today
617	candidate; debate; election; labor; provide; school
618	debate; election; events; home; john; join; live; network; news; provide; twitter
619	australian; getting; health; important
620	australia; australian; billion; gillard; labor; news; today; trade
621	australia; australian; challenge; election; history; important; political; questions; quiz
622	election; going; labor; state
623	live; local; null; page; sure
624	australia; better; funding; gillard; government; health; hospitals; legislation; public; read; services; system; week
625	climate; comes; economic; latest; note; read; treasurer; wayne
626	national; parliamentary; program; reform
627	address; community; economic; government; jenny; latest; macklin; mark; minister; news; services; today
628	benefits; best; better; gillard; kids; mp; read; school
629	bill; minister; read
630	sign
631	best; election; state
632	alp; australian; ideas; labor; national; review; think; thinktank
633	gillard; government; important; julia; minister; mr; national; people; prime; questions; today
634	action; blog; comes; federal; gillard; government; international; labor; local; parliamentary; read; resources; share
635	australian; leave; paid; parental; women
636	bill; billion; economic; election; friends; liberal; party; political; share
637	economic; economy; gillard; government; julia; plan; prime; queensland; read; reform; skills; strong
638	australia; australian; bill; community; gillard; government; help; labor; latest; million; parliamentary; people; provide; read; support; week; work
639	australian; comes; connect; economic; labor; latest; note; prime; tackle; together; trade; wayne
640	australian; billion; cost; economic; election; gillard; government; labor; parliamentary; people; plan; treasurer
641	blog; check; international; latest; mark; minister; people
642	blog; jenny; labor; latest; leave; macklin; minister; paid; parental; reform; scheme
643	check; click; history; labor; quiz
644	australian; campaign; federal; ideas; important; labor; null; party; progressive; think; thinktank
645	around; blog; carbon; change; check; climate; continue; energy; friends; gillard; industry; labor; minister; people; share; strong; support; together; work
646	andrew; blog; check; connect; house; labor; members; parliament; share; together; week
647	announced; australia; build; change; climate; gillard; help; julia; minister; null; prime; tackle; today
648	families; gillard; going; government; house; legislation; members; parliament; week
649	broadband; economic; including; national; note; null; share; wayne
650	blog; deliver; gillard; julia; labor; latest; life; members; pm; read; share; support
651	better; blog; broadband; check; connect; continue; deliver; gillard; government; health; julia; labor; latest; minister; national; prime; services; share
652	blog; check; connect; economic; economy; gillard; government; history; labor; latest; wayne
653	australia; economic; economy; gillard; latest; note; opportunity; parliamentary; read; regional; share; wayne
654	best; better; check; minister; pm; prime; think; vote; wayne
655	announced; better; deliver; economy; gillard; julia; labor; minister; prime; services; today; together; work
656	blog; challenge; connect; history; labor; latest; quiz; share
657	andrew; announced; australian; gillard; government; julia; labor; prime; support; today; tony
658	assistance; click; deliver; families; gillard; home; julia; link; minister; prime; state; yesterday
659	economic; economy; national; note; political; read; wayne
660	abbott; andrew; billion; blog; coalition; election; friends; hockey; latest; mr; read; share; tony; week
661	australian; click; gillard; government; julia; labor; latest; prime; share; swan; wayne
662	address; around; change; government; julia; minister; national; policy; political; press; prime; read; speech; today
663	australia; events; gillard; home; julia; live; minister; national; network; news; press; prime; provide
664	election; federal; labor; members; prime; work
665	australia; better; economy; election; friends; gillard; julia; strong; support; today
666	abbott; around; blog; care; check; cuts; election; friends; health; hospitals; labor; latest; launch; mr; party; political; record; share; vote; week
667	abbott; australia; benefits; broadband; candidate; check; coalition; connect; labor; local; minister; national; nbn; network; prime; regional; sure; tony
668	announced; australian; blog; candidate; check; home; labor; leave; life; local; news; page; policy; sure; think
669	business; federal; gillard; government; home; labor; leave; national; paid; people; policy; provide; read; support; work
670	build; continue; deliver; economy; federal; help; home; jobs; labor; policy; read; strong; world
671	carbon; change; climate; community; energy; gillard; help; labor; local; plan; policy; pollution; read; work
672	blog; campaign; julia; labor; latest; launch; minister; prime; speech; watch
673	andrew; australian; blog; budget; coalition; connect; deliver; election; hockey; important; labor; party; people; political; read; share
674	education; gillard; julia; link; minister; policy; prime; share; watch
675	abbott; australia; better; blog; campaign; election; federal; forward; friends; hospitals; julia; latest; launch; mr; plan; prime; read; share; yesterday
676	abbott; blog; federal; friends; funding; future; labor; members; people; plan; prime; read; share; tony
677	announced; better; care; deliver; gillard; government; health; help; labor; live; minister; online; people; prime; services; system
678	better; blog; broadband; build; deliver; education; future; health; labor; members; prime; read; services; share
679	campaign; events; home; launch; live; network; news; provide; watch
680	abbott; australian; click; debate; economic; friends; minister; mr; people; please; prime; share; tony
681	australia; fair; gillard; government; jobs; national; read; skills; work
682	blog; carbon; friends; labor; latest; members; prime; read; share; tony
683	australian; blog; broadband; facts; help; home; international; latest; national; network; please; share; spread
684	australia; better; economy; friends; gillard; julia; share; strong; support
685	australia; connect; gillard; julia; labor; latest; members; prime; read; workers
686	assistance; gillard; government; international; labor; national; program; read
687	abbott; announced; billion; education; election; facts; help; please; policy; spread; tony
688	australia; billion; fair; federal; gillard; government; labor; national; read; record; strong
689	australia; gillard; government; labor; read; skills; support; trade; years
690	andrew; around; better; blog; candidate; check; children; connect; economy; education; important; jobs; labor; questions; school; world; young
691	abbott; australian; blog; business; check; cuts; education; labor; members; prime; read; tax; tony; website
692	children; continue; forward; gillard; government; keep; labor; outlined; read; reform; tackle
693	blog; build; check; connect; gillard; government; labor; members; national; plan; prime; senator; strong
694	connect; gillard; julia; keep; labor; members; prime; sure; world
695	australia; gillard; government; national; read
696	australia; deliver; gillard; government; labor; read; reform
697	australia; children; deliver; gillard; government; labor; national; plan; read; services; support; women; work
698	abbott; australia; blog; budget; campaign; check; election; getting; keep; latest; link; please; policy; share; think; tony
699	blog; check; connect; labor; latest; work
700	blog; build; children; education; give; julia; labor; opportunity; read; school; share
701	australian; best; blog; give; keep; kids; labor; life; school; young
702	announced; australia; blog; check; deliver; federal; help; jenny; labor; package; please; share; support; tackle; work
703	best; blog; children; connect; education; friends; government; including; labor; national; program; school; share; students; support; sure
704	blog; campaign; click; economic; facts; families; latest; please; spread; tony
705	andrew; connect; economic; facts; labor; latest; null
706	abbott; around; australia; campaign; election; federal; help; jobs; labor; liberal; party; spread; sure; tony
707	blog; null; share; tony; wayne
708	blog; candidate; check; economy; federal; jobs; labor; local; null; share
709	blog; check; community; connect; deliver; gillard; government; labor; local; mp; null; share; world
710	blog; check; connect; labor; local; mp; null; share
711	abbott; blog; cost; families; friends; gillard; help; null; plan; price; read; share; tony
712	deliver; facts; families; friends; help; leave; null; paid; parental; pay; read; scheme; share; spread; tax; tony; women
713	best; children; connect; cost; give; julia; kids; labor; yesterday; young
714	australian; best; blog; cost; education; families; going; help; home; julia; kids; labor; read; school; share; support; trade
715	best; blog; children; connect; federal; friends; getting; labor; life; local; share; sure; world
716	blog; connect; important; julia; labor; members; million; prime; work; young
717	children; click; cost; families; gillard; government; help; labor; link; policy; support
718	click; community; gillard; government; labor; link; local; policy; reform; resources; school; students
719	connect; economic; hospitals; keep; labor; sure
720	around; blog; future; gillard; julia; kids; share
721	abbott; coalition; connect; cuts; home; labor; tony
722	better; bill; children; disability; families; gillard; give; government; help; labor; life; parliamentary; people; provide; services
723	disability; jenny; labor; live; macklin; people
724	action; blog; federal; going; health; labor; mark; parliamentary; share; today; young
725	announced; blog; connect; federal; health; ideas; labor; million; read; reform; share; support; thinktank
726	abbott; better; blog; education; friends; health; labor; link; people; services; share; tony
727	cuts; null; tony
728	action; australian; better; gillard; government; health; labor; million; package; reform; tackle
729	australian; gillard; government; health; hospitals; labor; national; plan; reform
730	blog; gillard; julia; labor; members; prime; share
731	check; connect; energy; labor; members; prime
732	blog; labor; members; prime; share
733	australia; forward; gillard; government; labor; people
734	australia; carbon; forward; gillard; government; labor
735	australia; check; video; week
736	australia; blog; check; connect; energy; labor; share
737	australia; blog; build; carbon; economy; energy; federal; future; labor; share; sure
738	abbott; blog; coalition; election; latest; minister; prime; share; swan; think; tony; treasurer; wayne
739	blog; connect; labor; social; today; week
740	labor; null
741	action; assistance; business; carbon; future; gillard; give; government; industry; labor; null; pollution; provide; scheme; strong
742	best; carbon; gillard; government; labor; null
743	australia; australian; billion; connect; energy; forward; gillard; government; labor; resources
744	address; care; continue; federal; government; health; hospitals; labor; live; people; policy; public; reform; services; state; system; think; thinktank
745	australia; australian; forward; gillard; government; labor; million; national; school; students; trade; work
746	around; australia; build; country; gillard; government; help; labor; million; minister; regional; years
747	announced; australia; federal; forward; labor; national; plan; policy; school; students; trade
748	abbott; australia; check; together; tony; video
749	election; federal; friends; today; vote
750	better; campaign; check; health; minister; services
751	announced; australia; better; blog; build; federal; friends; help; julia; labor; million; program; regional; share; support; today
752	alp; australia; blog; election; forward; gillard; julia; parliament; read; share; today
753	australian; blog; check; friends; future; labor; link; members; minister; share; sure
754	australia; australian; check; connect; forward; help; labor; members; network; party; policy; progressive; public; social; sure; thinktank; today; trade; website
755	check; federal; house; online; skills; sure; vote
756	abbott; australian; billion; cuts; families; government; health; minister; mr; prime; services; tony
757	federal; industry; labor; mp; parliamentary
758	abbott; business; care; change; connect; facts; friends; government; help; labor; link; reform; share; spread
759	andrew; australian; candidate; friends; home; labor; national; policy; progressive; school; share; sure
760	aged; better; care; click; connect; continue; friends; gillard; government; labor; link; minister; national; people; share; support; system
761	blog; community; connect; home; labor; local; mp; people; provide; read
762	blog; check; community; connect; going; keep; labor; latest; launch; members; online; party; watch; website
763	blog; check; connect; friends; getting; government; labor; life; macklin; minister; passed; share; strong; system
764	australia; cost; economic; gillard; government; industry; labor; mining; minister; national; note; prime; reform; tax; wayne; week
765	better; connect; deliver; gillard; julia; labor; pm; reform; resources; share; tax
766	abbott; australian; blog; candidate; check; connect; labor; latest; nsw; parliament; political; record; share; tony; workers
767	economic; gillard; julia; labor; minister; note; prime; tax; treasurer; wayne; week
768	better; broadband; connect; economy; health; help; labor; minister; national; network; senator; today
769	australian; connect; facts; friends; government; help; labor; link; spread; workers
770	abbott; blog; candidate; care; change; check; connect; federal; government; health; important; labor; latest; local; minister; reform; rudd
771	australian; connect; gillard; julia; labor; latest; leader; minister; people; prime; speech
772	alp; conference; gillard; julia; leader; minister; press; prime
773	australia; blog; check; connect; history; labor; minister; support
774	better; connect; facts; friends; health; help; important; labor; link; provide; rudd; spread; system
775	australian; bill; fair; families; labor; leave; paid; parental; scheme
776	economic; going; mining; minister; policy; tax
777	australia; community; economic; economy; labor; note; queensland; reform; regional; week
778	australia; jenny; leave; macklin; paid; parental; people; world
779	broadband; future; minister; national
780	andrew; blog; candidate; labor; latest; pay; price; program; read
781	abbott; better; blog; budget; education; funding; kids; mp; mr; opposition; provide; share
782	benefits; better; candidate; community; connect; health; hospitals; labor; latest; life; local; reform; share
783	around; australian; campaign; check; connect; country; election; friends; future; labor; members; online; people; share; think; tony; video; vote; young
784	climate; connect; content; energy; help; tackle
785	content; getting; history; labor; questions; quiz
786	help; labor; local; please; sydney
787	blog; candidate; content; labor; leave; paid; parental; share
788	check; federal; labor; local; website
789	australian; friends; labor; null; party; queensland
790	blog; content; mp; share
791	blog; content; getting; jobs; people; share
792	blog; candidate; click; community; content; friends; labor; services; share
793	blog; click; content; cuts; friends; mp; public; share; tony
794	candidate; content; health; hospitals; labor; local
795	abbott; leader; opposition; policy; report; tony; watch
796	challenge; content; history; labor
797	industry; mining; please; resources; share; support; video
798	blog; click; content; friends; national; parliamentary; senator; share; social; week; work
799	blog; click; content; forward; friends; jenny; leave; legislation; minister; national; paid; parental; parliament; scheme; share
800	care; government; health; live; opposition; reform; rudd
801	budget; content; federal; swan; wayne
802	check; null
803	andrew; candidate; click; content; labor
804	australian; click; content; federal; labor; workers
805	years
806	candidate; click; content; health; labor; local
807	abbott; business; liberal; mr; reform; review; support; tony
808	australian; campaign; check; families; jobs; spread; workers
809	abbott; coalition; content; including; opposition; package; please; resources; share; tax; tony
810	connect; labor; members; questions
811	action; content; minister; read; regional; share; week
812	content; history; labor; quiz
813	content; labor; national; network
814	liberal; party; rudd; share; tony; twitter; video
815	content; jobs; mark; minister
816	content; minister; national
817	content; labor
818	content; economic; government; local; minister; regional; rudd
819	better; deliver; health; hospitals; rudd
820	blog; content; morning; rudd; video
821	better; content; health; hospitals; please; rudd
822	going; help; labor; local
823	australian; connect; events; labor; national; people; week; young
824	around; australian; connect; events; labor; mark; minister; national; people; week; young
825	aged; cost; funding; health; hospitals; labor; minister; national; network; policy; support
826	announced; connect; election; federal; friends; labor; school; students; sure; vote; week
827	aged; around; care; health; help; hospitals; labor; national; network; support
828	better; care; connect; health; hospitals; labor; local; minister; prime; services; week
829	better; blog; connect; health; labor
830	abbott; election; federal; labor; leader; liberal; page; party; tony; website
831	abbott; campaign; click; election; facts; friends; party; tony; website
832	connect; history; labor; latest; school
833	better; health; hospitals; join; null; please
834	abbott; connect; economic; economy; labor; tony; yesterday
835	abbott; connect; labor; leader; opposition; tony
836	announced; australia; connect; help; jobs; labor; launch; parliamentary; today
837	abbott; better; connect; country; debate; deliver; families; give; hospitals; labor; leader; minister; national; plan; prime; rudd; today; tony
838	australia; care; connect; health; labor; national; network; regional; rudd
839	australian; connect; deliver; families; health; hospitals; important; labor; national; network; policy; rudd
840	alp; australian; connect; election; government; important; international; labor; national; years
841	connect; health; labor; local; people; students; swan
842	care; connect; health; labor; local; minister; national; network
843	alp; connect; history; labor
844	connect; funding; health; hospitals; labor; mark; national; network; parliamentary; people; reform; week
845	around; australia; clean; connect; labor
846	australian; better; connect; facts; health; hospitals; labor; minister; policy; record; reform; rudd; services; tony
847	australian; connect; economy; labor; rudd
848	connect; international; labor; national
849	benefits; better; comes; connect; government; health; hospitals; labor; national; please; share
850	announced; blog; connect; future; join; labor; local; million; news
851	around; connect; labor; mark; minister; prime; talk; yesterday
852	community; connect; federal; including; labor; minister; prime
853	australian; blog; candidate; connect; forward; labor; leave; minister; paid; parental; prime; program; women
854	blog; connect; labor; local; mark; party; policy
855	conference; connect; labor; mr; today
856	bill; connect; election; federal; government; labor; parliament; rudd; vote
857	alp; connect; history; labor; latest
858	connect; labor; share
859	australia; connect; fair; labor; services; social; young
860	australia; connect; economic; labor; news; years
861	australian; live; minister; parliament; pm; prime; rudd; watch; young
862	connect; jobs; labor; people; sydney
863	connect; content; labor; report; women; young
864	connect; labor
865	aged; connect; health; labor; report; swan; treasurer; wayne; years
866	connect; labor
867	connect; labor; minister; prime
868	community; connect; government; labor
869	business; connect; government; health; labor; national; reform; rudd; system
870	billion; business; connect; economic; jobs; labor; local; plan; rudd; school
871	best; connect; education; kids; labor; life; school; think
872	australian; community; connect; labor; party; world