1	marvel; mash-up; episode; thor
2	featuring; dvd; blu-ray
3	episode; check; clip; watch; super; face; tune
4	man; iron; clip; tony; stark
5	marvel; heroes; thor; trailer; game; mmo
6	marvel; episode; avengers; super; story; x-men; wolverine
7	spider-man; ultimate; episode; season; full; watch; free; doctor; streaming; villain; think
8	check; x-men; wolverine
9	marvel; man; iron; episode; latest; avengers; super
10	man; iron; check; tony; favorite; figure; learn
11	marvel; check; select; toys; diamond; figure
12	marvel; heroes; thor; trailer; game; super; video; favorite; coming
13	marvel; iron; heroes; thor; avengers; super; captain
14	man; iron; spot; theaters; tony; tv; 3d; imax; stark; adventure; preview
15	marvel; dvd; classic; learn
16	marvel; heroes; super; favorite
17	man; iron; trailer; game; free; face; world
18	man; iron; check; toys; figure
19	man; iron; featuring; tony; premiere; favorite; world; movie
20	man; iron; latest; spot; all-new; super; theaters; tony; tv; premiere; 3d; imax
21	marvel; trailer; dvd; classic
22	marvel; check; select; toys; diamond; coming
23	universe; check; thor; excited; world; debut; movie; earth
24	marvel; check; trailer; watch
25	man; iron; spot; theaters; tony; tv; 3d; imax; stark
26	marvel; agent; executive; excited
27	iron; clip; digital; watch; tony; dvd; adventure; rise; blu-ray; technovore
28	marvel; spider-man; agent; ultimate; episode; check; latest; all-new; featuring; ready; reasons; top; countdown; miss
29	marvel; spider-man; ultimate; universe; disney; episode; clip; sunday; season; spidey; et; all-new; face; team; friends
30	man; iron; featuring; full; dvd; excited; rise; blu-ray; technovore; coming; preview
31	man; iron; video
32	marvel; universe; disney; comics; full; free; hulk; joe; quesada; cco; close-up; favorite; story; classic; read
33	spider-man; ultimate; episode; season; spidey; full; team; streaming
34	team; world
35	man; iron; clip; full; theaters; tony; 3d; imax; stark
36	marvel; agent; ultimate; universe; disney; episode; check; sunday; et; all-new; reasons; top; fan; beginning; countdown; miss
37	man; iron; spot; theaters; tv; 3d; imax
38	spider-man; ultimate; episode; season; full; free; doctor; streaming; think
39	man; iron; select; toys; diamond; minimates
40	man; iron; latest; spot; theaters; tv; 3d; imax; america; world; think
41	marvel; spider-man; ultimate; universe; disney; episode; check; clip; sunday; season; spidey; et; all-new; exclusive; preview
42	iron; trailer; all-new; featuring; full; watch; dvd; excited; story; rise; blu-ray; technovore; learn
43	marvel; universe; disney; comics; free; joe; quesada; cco; close-up; favorite; origin; america; captain; read
44	marvel; man; iron; avengers; exclusive; blu-ray; captain; preview
45	man; iron; spider-man; heroes; adventure; mightiest
46	man; iron; spider-man; heroes; adventure; mightiest
47	marvel; agent; ultimate; universe; disney; episode; check; sunday; et; featuring; tune; goblin; reasons; top; debut; beginning; countdown; miss; think
48	marvel; select; toys; diamond; minimates
49	marvel; spider-man; ultimate; universe; disney; episode; clip; sunday; season; et; all-new; watch; exclusive; tune; goblin; preview; think
50	marvel; heroes; check; avengers; featuring; full; video; blu-ray; classic; mightiest
51	marvel; spider-man; ultimate; universe; disney; episode; clip; sunday; season; et; all-new; watch; exclusive; tune; goblin; preview; think
52	marvel; heroes; trailer; favorite; mmo; villain
53	man; iron; spot; watch; theaters; tv; 3d; imax; ready
54	marvel; man; iron; spider-man; disney; check; comics; free; joe; quesada; cco; close-up; team; classic; read
55	man; iron; spot; watch; theaters; tony; tv; 3d; imax; stark; ready
56	spider-man; ultimate; episode; season; spidey; full; team; rise; goblin; streaming; think
57	marvel; agent; ultimate; disney; episode; sunday; spidey; et; tune; ready; reasons; top; fan; countdown
58	man; iron; toys; exclusive
59	marvel; iron; check; trailer
60	marvel; all-new; watch; video; x-men; wolverine
61	marvel; avengers; watch; video; story
62	man; iron; tony; select; diamond; minimates
63	marvel; universe; disney; comics; thor; sunday; et; full; free; joe; quesada; cco; close-up; story; classic; read; beginning
64	man; iron; check; 3d; excited; imax; coming
65	marvel; favorite
66	spider-man; ultimate; episode; season; full; watch; doctor; streaming
67	man; iron; latest; trailer; full; theaters; tony; 3d; imax; ready
68	marvel; man; iron; thor; avengers; all-new; featuring; america; captain
69	check
70	marvel; universe; disney; latest; thor; sunday; et; beginning
71	trailer; game; all-new; super; free; face; favorite
72	marvel; thor; watch; debut
73	marvel; iron; trailer; watch; dvd; excited; rise; blu-ray; technovore; coming; movie
74	marvel; man; iron; heroes; check; comics; trailer; armor; mmo
75	marvel; premiere; select; toys; wolverine; diamond; figure
76	spider-man; agent; ultimate; episode; season; spidey; full; streaming
77	marvel; comics; digital
78	fantastic
79	marvel; featuring; watch; video; exclusive; mightiest
80	marvel; mash-up; universe; disney; latest; sunday; fantastic
81	marvel; mash-up; fantastic; featuring
82	man; iron; check; super; wolverine
83	marvel; disney; latest; comics; full; free; hulk; joe; quesada; cco; close-up; story; read
84	marvel; mash-up; fantastic; featuring; doctor
85	man; iron; trailer; full; watch; theaters; tony; 3d; imax
86	villain; figure
87	man; iron; check; trailer; full; watch; video; theaters; 3d; imax; think
88	marvel; mash-up; fantastic; featuring
89	excited
90	spider-man; ultimate; episode; season; full; team; america; captain; streaming
91	marvel; mash-up; universe; disney; latest; sunday; fantastic
92	marvel; spider-man; disney; latest; comics; featuring; free; joe; quesada; cco; close-up; favorite; adventure; read; learn
93	marvel; mash-up; fantastic; featuring; doctor
94	marvel; mash-up; episode; latest; fantastic; face; world
95	man; iron; check; armor; movie
96	marvel; mash-up; universe; disney; episode; sunday; fantastic; face
97	iron; spider-man; ultimate; episode; season; spidey; full; favorite; doctor; streaming
98	marvel; mash-up; universe; disney; latest; sunday; fantastic; debut
99	marvel; spider-man; ultimate; universe; disney; comics; sunday; joe; quesada; cco; close-up; story; origin; classic
100	marvel; mash-up; universe; disney; latest; hulk
101	marvel; heroes; check; trailer; game; mmo; coming
102	man; iron; clip; thor; avengers; hulk; dvd; america; captain; mightiest
103	marvel; mash-up; universe; disney; latest; featuring; hulk
104	spider-man; ultimate; episode; season; full; streaming
105	marvel; mash-up; universe; disney; latest; sunday; hulk
106	director; excited; x-men
107	marvel; spider-man; ultimate; heroes; universe; disney; clip; sunday; season; spidey; et; watch; face; exclusive; team; doctor; think
108	iron; spider-man; ultimate; heroes; thor; avengers; spidey; video; dvd; favorite; captain; mightiest
109	marvel; spider-man; ultimate; disney; episode; comics; spidey; watch; joe; quesada; cco; close-up; favorite; story; classic; read
110	marvel; agent; ultimate; universe; disney; check; comics; sunday; et; excited; tune; reasons; top; debut; fan; countdown
111	marvel; agent; pilot; check; digital; onto; executive; ryan; editorial; media; visits; group--has; snuck; excited; ready
112	marvel; agent; pilot; digital; onto; executive; ryan; editorial; media; watch; visits; group--has; snuck
113	marvel; agent; pilot; latest; digital; onto; executive; ryan; editorial; media; video; visits; group--has; snuck
114	spider-man; theaters; 3d; filming; amazing
115	marvel; agent; pilot; latest; digital; onto; executive; ryan; editorial; media; video; visits; group--has; snuck; ready
116	marvel; agent; pilot; check; digital; onto; executive; ryan; editorial; media; visits; group--has; snuck
117	marvel; spider-man; ultimate; heroes; universe; disney; clip; sunday; season; et; all-new; face
118	marvel; agent; pilot; digital; onto; executive; ryan; editorial; media; visits; group--has; snuck; joe; quesada; cco
119	marvel; agent; pilot; latest; digital; onto; executive; ryan; editorial; media; visits; group--has; snuck
120	marvel; agent; pilot; digital; onto; executive; ryan; editorial; media; visits; group--has; snuck
121	marvel; agent; pilot; latest; digital; onto; executive; ryan; editorial; media; video; visits; group--has; snuck
122	check; x-men; wolverine
123	marvel; agent; pilot; digital; onto; executive; ryan; editorial; media; visits; group--has; snuck
124	man; iron; game; spot; watch; tony; excited; stark
125	marvel; agent; pilot; latest; digital; onto; executive; ryan; editorial; media; visits; group--has; snuck; joe; quesada; cco
126	man; iron; check; game; spot; featuring; exclusive
127	marvel; man; iron; check; theaters
128	marvel; agent; ultimate; universe; disney; check; et; all-new; origin; reasons; top; debut; fan; beginning; countdown
129	marvel; ultimate; universe; disney; xd; episode; sunday; digital; et; all-new; exclusive; tune; friends; villain; beginning; miss
130	marvel; agent; pilot; latest; digital; onto; executive; ryan; editorial; media; visits; group--has; snuck
131	marvel; agent; pilot; digital; onto; executive; ryan; editorial; media; visits; group--has; snuck
132	marvel; favorite; mmo
133	marvel; agent; pilot; latest; digital; onto; executive; ryan; editorial; media; visits; group--has; snuck
134	man; iron; sunday; game; spot; et; full; tune; ready; preview
135	man; iron; sunday; game; spot; et; all-new; full; watch; tune; ready; preview
136	marvel; agent; pilot; latest; digital; onto; executive; ryan; editorial; media; video; group--has; snuck
137	marvel; agent; pilot; latest; digital; onto; executive; ryan; editorial; media; video; visits; group--has; snuck
138	marvel; spider-man; agent; ultimate; universe; disney; check; clip; sunday; season; spidey; et; all-new; featuring; tune; origin; debut; beginning; learn
139	marvel; agent; pilot; digital; onto; executive; ryan; editorial; media; visits; group--has; snuck
140	spider-man; ultimate; episode; season; full; team; streaming
141	marvel; agent; pilot; digital; onto; executive; ryan; editorial; media; visits; group--has; snuck
142	marvel; agent; pilot; check; digital; onto; executive; ryan; editorial; media; visits; group--has; snuck
143	marvel; agent; pilot; check; digital; onto; executive; ryan; editorial; media; visits; group--has; snuck
144	marvel; agent; pilot; check; digital; onto; executive; ryan; editorial; media; visits; group--has; snuck
145	marvel; agent; pilot; digital; onto; executive; ryan; editorial; media; visits; ready
146	spider-man; ultimate; episode; season; spidey; full; super; face; streaming
147	marvel; agent; ultimate; disney; xd; episode; season; et; ryan; premiere; tune; ready; reasons; top; fan; countdown
148	spider-man; ultimate; disney; xd; season; digital; et; premiere; exclusive
149	marvel; mash-up; episode; latest; featuring; hulk
150	marvel; mash-up; universe; disney; latest; hulk
151	marvel; select; diamond; minimates
152	spider-man; ultimate; disney; latest; clip; season; spidey; et; doctor; miss; think
153	marvel; man; iron; spider-man; mash-up; latest; armor; amazing; friends; learn
154	marvel; spider-man; mash-up; latest; featuring; amazing
155	spider-man; ultimate; disney; clip; season; spidey; et; classic; villain; beginning; miss
156	marvel; spider-man; mash-up; latest; amazing
157	marvel; agent; heroes; digital; executive; ryan; editorial; media; excited; mmo
158	marvel; spider-man; mash-up; visits; amazing; friends
	
	
	
	
	
	
	
	
	
	
	
	
	
	
	
	
	
	
	
	
	
	
	
	
	
	
	
	
	
	
	
	
	
	
	
	
	
	
	
	
	
	