text_appearance	words
Heres_how_many_#apps_U.S._smartphone_users_of_different_ages_use_on_average_http://t.co/foGxJTZaxd_#tech_#mobile_http://t.co/1S5dfZNQBy	heres how many #apps us smartphone users of different ages use on average #tech #mobile 
#Future_#Tech:researchers_#3DPrint_blood_vessels._Next:_artificial_#organs_Š___http://t.co/SjtebR3XSt_via_@VentureBeat_http://t.co/wnsr9EM5pj	#future #techresearchers #3dprint blood vessels next artificial #organs Š__ via @venturebeat 
#Science_#Tech:_#3DPrinting_an_incredibly_complex_white_matter_#brain_model_Š___http://t.co/ZVBBcesiZA__@3DPrintBoard_http://t.co/LuTKeiFeEi	#science #tech #3dprinting an incredibly complex white matter #brain model Š__  @3dprintboard 
#tmobile_is_cramming_bills_with_unauthorized_fees._HereŠ—Ès_what_to_do:_http://t.co/1QbLudADc3_#tech_#scam_#phone	#tmobile is cramming bills with unauthorized fees hereŠ—Ès what to do #tech #scam #phone
Congrats_NYC-based_#health_#tech_startup_@BeneStream_on_raising_$1.58M_in_seed_funding_http://t.co/D3HqtYqayP	congrats nyc based #health #tech startup @benestream on raising $158m in seed funding 
Nice_job_@ELLEmagazine_#women_#tech._Check_out_expanded_list_that_includes_#BlackWomen_in_#Tech_via_@blackenterprise_http://t.co/49XaOxtTcH	nice job @ellemagazine #women #tech check out expanded list that includes #blackwomen in #tech via @blackenterprise 
We_have_to_KILL_stereotype_that_only_boys---particularly_white_boys---_can_be_savvy_with_#tech._There_are_PLENTY_women_making_#bossmoves.	we have to kill stereotype that only boys particularly white boys can be savvy with #tech there are plenty women making #bossmoves
Ladies_get_into_#coding._And_if_its_not_really_your_thing_get_your_daughter/sisters/cousins/nieces_into_it._#Bossmoves_#tech	ladies get into #coding and if its not really your thing get your daughter/sisters/cousins/nieces into it #bossmoves #tech
I_will_NEVER_understand_a_professional_who_does_not_at_least_try_to_learn_#tech_skills_in_todays_market._You_will_get_left_behind.	i will never understand a professional who does not at least try to learn #tech skills in todays market you will get left behind
PolandŠ—Ès_#startup_scene:_KrakowŠ—Ès_emerging_entrepreneurial_ecosystem_draws_attention_of_#tech_giants:_http://t.co/8VNzbV2Cgi_via_@Tech_eu	polandŠ—Ès #startup scene krakowŠ—Ès emerging entrepreneurial ecosystem draws attention of #tech giants via @tech_eu
This_is_how_young_#tech_millionaires_invest_their_money:_http://t.co/3iBYvI8y75	this is how young #tech millionaires invest their money 
Yesterday_Uber_and_Lyft_were_issued_cease_and_desist_orders_in_Pittsburgh._@M_Feeney_comments:_http://t.co/BITkHXdQi8_#startup_#tech	yesterday uber and lyft were issued cease and desist orders in pittsburgh @m_feeney comments #startup #tech
#Future_#Tech:_#Ekocycle_cube_a_#3DPrinter_using_#recycled_plastic_bottles_Š___http://t.co/rVJ9kahyvc_via_@DesignBoom_http://t.co/wdh23AGuax	#future #tech #ekocycle cube a #3dprinter using #recycled plastic bottles Š__ via @designboom 
Top_10_Reasons_to_Travel_With_Your_Smartphone_http://t.co/7oTpPxhVo3_#Tech_#Lumia_#Icon_#Travel_http://t.co/DP7sE6HrOT	top 10 reasons to travel with your smartphone #tech #lumia #icon #travel 
Everything_You_Need_to_Know_About_Running_in_the_Heat:_http://t.co/A03pdkvsg9_#tech_#technology_#geeky	everything you need to know about running in the heat #tech #technology #geeky
Everything_You_Need_to_Know_About_Running_in_the_Heat:_http://t.co/A03pdkvsg9_#tech_#technology_#geeky	everything you need to know about running in the heat #tech #technology #geeky
Detectar_un_billete_o_un_bolso_falso_usando_solo_la_luz_del_mí_vil_http://t.co/0rBhHziC1B_#tech_#innovacion_#innovadores_#mobile	detectar un billete o un bolso falso usando solo la luz del m“_vil #tech #innovacion #innovadores #mobile
RT_@rosequartz0518:_The_history_of_the_Walkman:_35_years_of_iconic_music_players_http://t.co/jyryHzWxsj_#tech_http://t.co/3up3jaUWuH	rt @rosequartz0518 the history of the walkman 35 years of iconic music players #tech 
SURVEY:_Half_of_Americans_cant_go_a_day_without_their_phones_(Business_Insider)_http://t.co/Mv8C8S7DX0_#mobile_#tech	survey half of americans cant go a day without their phones (business insider) #mobile #tech
Simples_e_genial_Menino_cria_dispositivo_para_evitar_que_bebíÈs_sejam_esquecidos_em_carros._http://t.co/HeJH4tLRtz_#inventor_#genial_#tech	simples e genial menino cria dispositivo para evitar que beb“Ès sejam esquecidos em carros #inventor #genial #tech
#Elasticsearch_vs._#Solr:_How_we_chose_the_right_search_technology_for_scalable_log_management_äÊÍ_http://t.co/oabuydtu9r__#DevOps_#Tech	#elasticsearch vs #solr how we chose the right search technology for scalable log management äÊ›  #devops #tech
Lookout_Bad-guys:_X-Ray_Gun_Can_Search_for_Drugs_Money_Weapons_http://t.co/GZW8IYC0zV_#tech_http://t.co/2AKnBUfJLk	lookout bad guys x ray gun can search for drugs money weapons #tech 
The_Insane_Plan_to_Build_the_Worlds_Tallest_Towers_in_a_Lake_in_China_http://t.co/M21aCxBCBz_#tech_http://t.co/2L13mjKNGn	the insane plan to build the worldäž»s tallest towers in a lake in china #tech 
NASA_Uses_a_Shadow_Network_Thats_1000_Times_Faster_Than_Your_Internet_http://t.co/ET0UtvaRDN_#tech_http://t.co/5JVS3PUnI2	nasa uses a shadow network thatäž»s 1000 times faster than your internet #tech 
#Tech_#Art:_old_farm_equipment_&_scrap_metal_turned_into_stunning_sculptures_ä___http://t.co/KvPiNBMZSx_via_@boredpanda_http://t.co/Zvzizf58k3	#tech #art old farm equipment scrap metal turned into stunning sculptures via @boredpanda 
Nissan_builds_a_real-life_version_of_its_stunning_Gran_Turismo_supercar_http://t.co/CtyhIDsp5o_http://t.co/BwSGB0ZqlP_#cars_#tech	nissan builds a real life version of its stunning gran turismo supercar #cars #tech
Is_the_Supreme_Court_Aereo_ruling_actually_the_death_of_the_bundle?_http://t.co/aIwM3I0hzK_#aereo_#cordcutting_#tech_#abc_#nbc_#cbs_#fox	is the supreme court aereo ruling actually the death of the bundle #aereo #cordcutting #tech #abc #nbc #cbs #fox
I_would_spend_more_time_with_my_kids_I_value_#tech_&_productivity_tips._Dont_you?_#SurfaceatStaples	i would spend more time with my kids i value #tech productivity tips dont you #surfaceatstaples
#Tech_#Art:_lost_&_found_spare_parts_assembled_in_a_#cyberpunk_#seahorse_ä___http://t.co/zWF1d1F4mG_by_Assemblique_http://t.co/wj9xz1asfI	#tech #art lost found spare parts assembled in a #cyberpunk #seahorse by assemblique 
#Future_#Space_#Tech:_@ESA_sets_its_sights_on_*harpooning*_#SpaceDebris_ä___http://t.co/Sxwez7lBIc_via_@gizmag_http://t.co/QjPbwtbcms	#future #space #tech @esa sets its sights on harpooning #spacedebris via @gizmag 
The_100_most_influential_#tech_#women_on_#Twitter_via_@borisonr_http://t.co/kbtsCGjWaX_via_@sai	the 100 most influential #tech #women on #twitter via @borisonr via @sai