"	OBLIVION GFX Montage	"	
"	STA Travel AU - Win 2 Round the world trips	"	trip; world
"	for(){}- - Mapped video game on canvas	"	ed; game; video
"	i3D	"	
"	TFNSW - TDX Program - Home	"	program
"	Chinese Man Reinvents The Wheel With The Multi-Angle-Wheel Bicycle	"	chinese; man
"	Kurt Vonnegut on how to write a short story	"	short; story
"	Sebastian Seung: I am my connectome	"	
"	How Many Photos Have Been Taken?	"	man; photos
"	Break the bias: Hideshi Hamaguchi at TEDxPortland 2012	"	ed
"	Adam Savage: How Simple Ideas Lead to Scientific Discoveries	"	ad; cover
"	Young Prodigies Dazzle The Art World	"	art; world
"	Best of Web 3 - HD - Zapatou	"	hd
"	Speech Recognition Breakthrough for the Spoken, Translated Word	"	breakthrough; ed; recognition
"	Skittles Sorting Machine 2	"	machine
"	Paper Computing technology the first step to paper-based Google Docs #DigInfo	"	diginfo; docs; ed; google; technology
"	A Slower Speed of Light Official Trailer &mdash- MIT Game Lab	"	ai; ed; game; lab; light; mdash; official; trailer
"	How Kinect Fusion and Kinect Work	"	kinect
"	Humanoid robot tracking a person	"	king; man; robot
"	Freeling	"	
"	Our Story in 1 Minute	"	story
"	Paragliding Above Extreme Desert Sands	"	
"	SYNC - an iPhone 4 short film	"	film; iphone; short
"	Life In A Day	"	life
"	Control your iPhone/iPod from another touch screen monitor - WORLDS&#039- FIRST SOLUTION!!!	"	control; iphone; ipod; screen; touch; world
"	Mimics Remote Touch Screen iPhone Control. FIRST Non-VNC!	"	control; iphone; screen; touch
"	Welcome to Google Docs	"	docs; google; welcome
"	Welcome to Google Docs	"	docs; google; welcome
"	Mark Pagel: How language transformed humanity	"	ed; man; transformed
"	A Day Made of Glass 2: Unpacked. The Story Behind Corning&#039-s Vision.	"	ad; behind; corning; ed; glass; story
"	TEDxRainier - Chris Bliss - This is Your Brain on Comedy	"	ai; brain; ed
"	Lytro viewer update	"	
"	Why Design and Technology? | Parsons The New School for Design	"	design; school; technology
"	Real-time Deconstruction of the US Presidential Debates	"	real; real-time
"	GoPro HERO3: Black Edition - Smaller, Lighter and 2X More Powerful	"	ed; gopro; light; power
"	The Surface Movement	"	movement; surface
"	Applied Sciences Group: High Performance Touch	"	ed; group; man; touch
"	Fun with Servos	"	
"	Eclectic Method - The Future	"	future
"	Capacitive Fingerprinting	"	
"	Rimsky-Korsakov -- Flight of the Bumblebee	"	flight; light
"	Robert Hodgin/Barbarian Group - Relentless Energy Drink Demo	"	demo; drink; group
"	We Found a Free Smartphone Embedded Inside Entertainment Weekly	"	ai; art; ed; entertainment; smartphone
"	Cooperative Quadrocopter Ball Throwing and Catching - IDSC - ETH Zurich	"	ad; quadrocopter
"	agIdeas 2012 Highlights	"	light
"	Printed Optics	"	ed; printed
"	Plan and write a great essay with Rationale	"	
"	Introducing the Knowledge Graph	"	ed; graph; introducing; led
"	3Gear SDK Demo: Add gestures to your applications	"	ad; demo; gesture
"	The Wiki Weapon	"	
"	Paraplegic Car Transfer into G35	"	car
"	PLURALITY	"	
"	ASICS Run With Ryan	"	
"	Fear Not This Night - Guild Wars 2 cover by Taylor, Lara, and Malukah	"	cover; wars
"	Advanced Interaction Design Video Prototype	"	ad; design; ed; video
"	Trip to center of hybrid fractal	"	fractal; hybrid; trip
"	Pixar Studio stories - Pinocchio	"	pixar; studio
"	Pixar studio stories - The movie vanishes (full)	"	full; movie; pixar; studio
"	Gotye - Somebody That I Used to Know - Old School Computer Remix	"	computer; ed; remix; school; somebody; used
"	Artist Leonid Afremov painting a new piece by palette knife, October 26th	"	ai; art; piece
"	Jim Dove Perspective Drawing Time Lapse	"	drawing
"	PvZ Zombies Gangnam Style	"	zombies
"	Peugeot Onyx Concept Car	"	car; concept
"	ReadyCase	"	ad
"	neurowear &quot-shippo / brain controlled tail&quot- concept movie（脳波で動くしっぽ）	"	ai; brain; concept; control; ed; led; movie; tail
"	One day	"	
"	Tutorial 06 for Arduino: Serial Communication and Processing	"	arduino; tutorial
"	IRIS by HYBE (2012)	"	
"	Kitt talking again	"	ai; king; talking
"	interactive arduino 4x4x4 led cube	"	arduino; cube; ed; interactive; led
"	The Bay Lights	"	light
"	BAM maps - Introduction and first test	"	introduction; maps; test
"	Augmented Reality Sandbox with Real-Time Water Flow Simulation	"	augmented; ed; real; real-time; reality
"	CGI VFX Breakdowns HD: &quot-Game of Thrones&quot- by Pixomondo	"	breakdown; game; hd; thrones
"	My little piece of privacy	"	piece
"	ACCESS - an interactive art installation by Marie Sester	"	art; installation; interactive
"	Kinect Self-Awareness Hack	"	kinect
"	trancelife / 「Fish-Bird: Circle C -- Movement B 」	"	life; movement
"	Arduino + Android Projects for the Evil Genius: Control Arduino with Your Smartphone or Tablet	"	arduino; art; control; smartphone
"	The Popinator	"	
"	Introducing Boosted Boards, The World&#039-s Lightest Electric Vehicle	"	ed; introducing; light; test; world
"	future clothes in the year 2083 by lacoste	"	future; year
"	Revel: Programming the Sense of Touch	"	program; touch
"	LED cube 8x8x8 demo	"	8x8x8; cube; demo; ed; led
"	8x8x8 RGB LED Cube	"	8x8x8; cube; ed; led
"	8x8x8 LED cube	"	8x8x8; cube; ed; led
"	Bebot Robot Synth for iPhone and iPod Touch	"	iphone; ipod; robot; touch
"	WALL-E Special Features Animation Sound Design: Building Worlds From The Sound Up (Part 1)	"	animation; art; building; design; sound; world
"	Bill Moggridge 1943-2012	"	
"	12 Rules of animation	"	animation
"	Airbus reveals future of formation flight in &#039-Smarter Skies&#039-	"	ai; art; flight; future; light
"	Game of Thrones - Lindsey Stirling &amp- Peter Hollens	"	amp; game; thrones
"	49 synchron angesteuerte Quadrocopter - voestalpine Klangwolke	"	ad; quadrocopter
"	3D Pac-Man at the Babycastles Summit	"	3d ; man
"	Green Pedestrian Crossing - China Environmental Protection Fund (2010 Campaign)	"	ai; amp; china; ed; green; iron
"	The lion King - I just can&#039-t wait to be king	"	ai; king
"	Dream Music: Part 2	"	art; dream; music
"	Spider-Man, Iron Man and the Hulk (Full and HQ)	"	full; hulk; iron; man; spider-man
"	Secrets to Broadway Spider-Man&#039-s Stunts	"	ad; man; spider-man
"	CAPTAIN PLANET - TRAILER	"	ai; trailer
"	&quot-BOTANICUS INTERACTICUS&quot-: Interactive Plant Technology	"	interactive; technology
"	Live2D - Interactive 3D animation of 2D images #DigInfo	"	3d ; animation; diginfo; interactive; live
"	Disney Dream Portraits by Annie Leibovitz: Behind The Scenes With Queen Latifah as Ursula	"	ai; behind; dream; portrait
"	With A Piece Of Chalk	"	piece
"	BallCam: GoPro HD inside a football	"	gopro; hd
"	Motion Tests 2 by James	"	test
"	Kinetic Space 2.0. - 3D Gesture Recognition	"	3d ; gesture; recognition
"	RSA Animate - The Divided Brain	"	ai; brain; ed
"	Adele - Rolling in the Deep (Piano/Cello Cover) - ThePianoGuys	"	ad; cello; cover; thepianoguys
"	Nearer My God to Thee (for 9 cellos) - ThePianoGuys	"	cello; thepianoguys
"	The Mini Adventures of Winnie the Pooh: Eeyore&#039-s Tail	"	ad; adventure; ai; tail
"	Paperclip: The Drawings	"	drawing
"	Ed Sheeran - Drunk (Official Video)	"	ed; official; sheeran; video
"	Ghost in the Shell - Lego Tachikoma	"	
"	Christian Marclay  The Clock	"	
"	Apple - Mac - TV Ad - Labor Day	"	ad; lab
"	Batman: Nightwing	"	man
"	Revolution in Art &amp- Design using 3D Printing | Objet for Neri Oxman	"	3d ; amp; art; design; man
"	Google Maps Adds Sydney Public Transport Directions (At Last!)	"	ad; google; maps; sydney
"	John Cleese on Creativity	"	john
"	Surface by Microsoft	"	surface
"	Breakdown | - HORIZON -	"	breakdown
"	Fallen Star House	"	house; star
"	Somebody That I Used To Know	"	ed; somebody; used
"	Crayon Dragon	"	
"	Guardian open journalism: Three Little Pigs advert - video	"	ad; video
"	VS Ramachandran on your mind | Video on TED.com	"	ed; video; vs
"	Amsterdam DNA Revisited	"	ed
"	Cello Wars (Star Wars Parody) Lightsaber Duel - Steven Sharp Nelson	"	cello; light; star; wars
"	Jack Horner: Shape-shifting dinosaurs	"	
"	The Animals House of the Rising Sun Old School Computer Remix	"	computer; house; remix; school
"	Your Interview with the President	"	
"	TEDxSydney - Saul Griffith - Living in the Future	"	ed; future; sydney
"	App Store - MinoMonsters	"	
"	2011: The Cinescape	"	
"	Vorwerk Stadt der Milben &laquo-  SEHSUCHT&trade-	"	ad; trade
"	out of sight	"	
"	World Population:  7 Billion	"	world
"	Take This Lollipop	"	
"	Knockoff famous buildings seen in China&rsquo-s richest village | ChinaHush	"	building; china; chinahush; rsquo
"	The Feynman Series (part 3) - Curiosity	"	art; man
"	Curious Displays	"	
"	AI vs. AI. Two chatbots talking to each other	"	ai; king; talking; vs
"	13-Year-Old Uses Fibonacci Sequence For Solar Power Breakthrough - Slashdot	"	breakthrough; hd; power; year
"	Ed Sheeran - You Need Me, I Don&#039-t Need You (Official Video)	"	don; ed; official; sheeran; video
"	The Unbound: Star Wars vs Marvel: Luke Skywalker vs. Spider-Man	"	man; marvel; spider-man; star; vs; wars
"	&raquo- Cracking the Scratch Lottery Code	"	king; raquo
"	this isn&#039-t happiness&trade- (Hate it)  	"	ad; trade
"	General Government Debt as Percent of GDP by Country	"	
"	The Creators. An audio-reactive multitouch installation.	"	installation; touch
"	https://img.skitch.com/20110630-pkm3wjuy5gkcenwtat692wgd51.jpg	"	http; img; jpg; skitch
"	Arcade Light Switch | Uncrate	"	ad; light
"	HARRY POTTER AND THE DEATHLY HALLOWS: PART II FINAL TRAILER	"	ai; art; trailer
"	Hooray For Earth &quot-True Loves&quot- (Cereal Spiller Remix)	"	art; real; remix
"	Xefer Wikipedia Radial Graph	"	ad; ed; graph
"	Designing On-Site With Archi-Maton &mdash- The Pop-Up City	"	city; design; mdash
"	Tiji: Colors	"	
"	Goldfish - We Come Together  | Fubiz&trade-	"	ad; fubiz; trade
"	Sony&#039-s SmartAR demoed live, raises the bar for augmented reality (video)	"	ai; art; augmented; demo; ed; live; real; reality; sony; video
"	We Chinese - Wo Men Zhong Guo Ren - 我们中国人 - by M. Scott Brauer	"	brauer; chinese
"	Il &eacute-tait une fois... les technologies du pass&eacute-.	"	ai; eacute
"	This is Windows Phone Next -- developers take notes (video) -- Engadget	"	ad; video
"	Honest Tea: The Most Honest City In America	"	city; honest
"	Brandt Brauer Frick - Caffeine	"	brauer
"	Dear blank, please blank | Fubiz&trade-	"	ad; blank; fubiz; trade
"	須藤元気（Genki Sudo)「WORLD ORDER」の&quot-MACHINE CIVILIZATION&quot-フルver.PV	"	machine; world
"	Blinky&trade-	"	ad; trade
"	A Day Made of Glass... Made possible by Corning.	"	ad; corning; glass
"	Fractal Lab Introduction	"	fractal; introduction; lab
"	Real Life Version of Up | Fubiz&trade-	"	ad; fubiz; life; real; trade; version
"	If we don&#039-t, remember me.	"	don
"	The 2011 State of the Union Address: Enhanced Version	"	ad; ed; version
"	High Society	"	
"	OBlog: At the Movies with Javier Mariscal: Observers Room: Design Observer	"	blog; design; movie; observer
"	http://www.chinahush.com/wp-content/uploads/2010/11/20101105-gz-asian-games-25.jpg	"	ad; china; chinahush; game; http; jpg
"	Who Wishes They&#039-d Dressed Up As a Coca Cola Transformer/Truck/Vending Machine Now?	"	ed; machine
"	Momiga	"	
"	Thieving Pigeon Steals a Bag of Chips!  ON VIDEO!!! | One Man&#039-s Blog	"	blog; man; video
"	Iron Man v0.001	"	iron; man
"	This Controversial Climate Change Ad Made Sony Drop its Sponsorship	"	ad; sony
"	Superflow - Bachelor Thesis	"	
"	Sintel	"	
"	NY Data Visualization and Infographics	"	graph; infographics
"	Russ Chimes - Midnight Club EP (Part 1: Never Look Back)	"	art; chime
"	IxD - A2a - Social Network Research	"	social
"	NSFW. A hunter shoots a bear!	"	
"	Let Me In - Movie Trailers - iTunes	"	ai; itunes; movie; trailer
"	The Third &amp- The Seventh	"	amp
"	PS3 vs. Green Onion (Subtitled)	"	ed; green; led; vs
"	iPhone 4 Gyroscope Teardown - iFixit	"	iphone
"	http://30.media.tumblr.com/tumblr_l6r7usRbL71qzgn0io1_500.jpg	"	ed; http; jpg; media; tumblr
"	Interactive zombie movie adventure - DELIVER ME TO HELL - REAL ZOMBIES ATTACK	"	ad; adventure; interactive; live; movie; real; zombies
"	Surprising Street Stories (15 photos) - My Modern Metropolis	"	metropolis; modern; photos; street
"	Vote-a-Matic quiz | Federal Election 2010 policy quiz	"	ed; quiz
"	35mm	"	
"	Predators - Movie Trailers - iTunes	"	ai; ed; itunes; movie; trailer
"	Abduzeedo | Graphic Design Inspiration and Photoshop Tutorials	"	design; ed; graph; inspiration; photos; tutorial
"	In the Fall of Gravity	"	
"	Oil in the Gulf, two months later - The Big Picture - Boston.com	"	boston; picture
"	POA - *Chime*	"	chime
"	Tickling a Massage Chair With Twirling Wiimotes	"	ai
"	Tomorrow&#039-s toon talent - Entertainment News, Film News, Media - Variety	"	ai; ed; entertainment; film; media; news
"	Are Cameras the New Guns?	"	
"	INFO2120/2820 - Assignments	"	
"	Liquidicity &raquo- Panic Over! PHP, CSS &amp- HTML Help Sheets	"	amp; city; raquo
"	THE RAVEN - 720 HD	"	hd
"	Marvel Video Games | Iron Man, Spider-Man, Hulk and all Marvel Video Game News, Trailers, Pics, Prev	"	ai; game; hulk; iron; man; marvel; news; pics; spider-man; trailer; video
"	East Meets West: An Infographic Portrait | Brain Pickings	"	ai; brain; graph; king; meet; portrait
"	Nike Music Shoe | Fubiz&trade-	"	ad; fubiz; music; trade
"	Drink : 3DCG Animation [ HD ] : 牛山雅博	"	animation; drink; hd
"	Cool Infographics - Cool Infographics - The Nerd VennDiagram	"	cool; graph; infographics
"	hybrid 2010 reel	"	hybrid
"	THE BEAST FILE: GOOGLE	"	google
"	IMG_9179.fixed	"	ed; img
"	s3.amazonaws.com	"	
"	Upular	"	
"	Psychatric Answering Machine Typography Animation	"	animation; graph; machine
"	Urban Street Art - Street Signs by TrustoCorp (12 pics) - My Modern Metropolis	"	art; metropolis; modern; pics; street; trust
"	I don&rsquo-t believe in Global Warming! | Design You Trust. World&#039-s Most Provocative Social Inspiration.	"	design; don; inspiration; provocative; rsquo; social; trust; world
"	Facebook New Office | Trend.Land -&gt- Fashion Blog &amp- Trend Magazine	"	amp; blog; trend
"	Korb : I&rsquo-ll be gone | Fubiz&trade-	"	ad; fubiz; rsquo; trade
"	Crep&uacute-sculo Mountain | Design You Trust. World&#039-s Most Provocative Social Inspiration.	"	ai; design; inspiration; provocative; social; trust; world
"	Unfriend named word of 2009 | Lifestyle | Reuters	"	ed; life
"	The Sims Horror Movie	"	movie
"	Auditorium - Index	"	
"	Procrastination John Kelly	"	john
"	Google Wave Pulp Fiction: So That&#039-s What This Thing Is For - Google wave pulp fiction - Gizmodo	"	fiction; google; pulp; wave
"	China celebrates 60 years - The Big Picture - Boston.com	"	boston; china; picture; year
"	mishinsilo.deviantart.com	"	art; deviantart
"	Personas | Metropath(ologies) | An installation by Aaron Zinman	"	installation; man
"	Wayside Chapel in Sydney Dust	"	sydney
"	A Clever Collection of 40+ Inspiring Ambigrams - Vectortuts+	"	
"	img.skitch.com	"	img; skitch
"	humon.deviantart.com	"	art; deviantart
"	Knorr Shaker	"	
"	OhGizmo! &raquo- Archive &raquo- The Venn Diagram Of Social Media	"	ed; media; raquo; social
"	8-bit trip	"	trip
"	ULTra PRT - ULTra System	"	ultra
"	Meet the L33t parents and bow before them	"	meet