"	 OBLIVION GFX Montage 	"	
"	 STA Travel AU - Win 2 Round the world trips 	"	world
"	 for(){}- - Mapped video game on canvas 	"	game; video
"	 i3D 	"	
"	 TFNSW - TDX Program - Home 	"	program
"	 Chinese Man Reinvents The Wheel With The Multi-Angle-Wheel Bicycle 	"	chinese; man
"	 Kurt Vonnegut on how to write a short story 	"	short; story
"	 Sebastian Seung: I am my connectome 	"	
"	 How Many Photos Have Been Taken? 	"	photos
"	 Break the bias: Hideshi Hamaguchi at TEDxPortland 2012 	"	
"	 Adam Savage: How Simple Ideas Lead to Scientific Discoveries 	"	
"	 Young Prodigies Dazzle The Art World 	"	art; world
"	 Best of Web 3 - HD - Zapatou 	"	hd
"	 Speech Recognition Breakthrough for the Spoken, Translated Word 	"	breakthrough; recognition
"	 Skittles Sorting Machine 2 	"	machine
"	 Paper Computing technology the first step to paper-based Google Docs #DigInfo 	"	docs; google; technology
"	 A Slower Speed of Light Official Trailer &mdash- MIT Game Lab 	"	game; lab; light; official; trailer
"	 How Kinect Fusion and Kinect Work 	"	kinect
"	 Humanoid robot tracking a person 	"	robot
"	 Freeling 	"	
"	 Our Story in 1 Minute 	"	story
"	 Paragliding Above Extreme Desert Sands 	"	
"	 SYNC - an iPhone 4 short film 	"	film; iphone; short
"	 Life In A Day 	"	life
"	 Control your iPhone/iPod from another touch screen monitor - WORLDS&#039- FIRST SOLUTION!!! 	"	control; screen; touch
"	 Mimics Remote Touch Screen iPhone Control. FIRST Non-VNC! 	"	iphone; screen; touch
"	 Welcome to Google Docs 	"	docs; google; welcome
"	 Welcome to Google Docs 	"	docs; google; welcome
"	 Mark Pagel: How language transformed humanity 	"	transformed
"	 A Day Made of Glass 2: Unpacked. The Story Behind Corning&#039-s Vision. 	"	behind; glass; story
"	 TEDxRainier - Chris Bliss - This is Your Brain on Comedy 	"	brain
"	 Lytro viewer update 	"	
"	 Why Design and Technology? | Parsons The New School for Design 	"	design; school
"	 Real-time Deconstruction of the US Presidential Debates 	"	real-time
"	 GoPro HERO3: Black Edition - Smaller, Lighter and 2X More Powerful 	"	gopro
"	 The Surface Movement 	"	movement; surface
"	 Applied Sciences Group: High Performance Touch 	"	touch
"	 Fun with Servos 	"	
"	 Eclectic Method - The Future 	"	future
"	 Capacitive Fingerprinting 	"	
"	 Rimsky-Korsakov -- Flight of the Bumblebee 	"	flight
"	 Robert Hodgin/Barbarian Group - Relentless Energy Drink Demo 	"	demo; drink; group
"	 We Found a Free Smartphone Embedded Inside Entertainment Weekly 	"	entertainment; smartphone
"	 Cooperative Quadrocopter Ball Throwing and Catching - IDSC - ETH Zurich 	"	quadrocopter
"	 agIdeas 2012 Highlights 	"	
"	 Printed Optics 	"	printed
"	 Plan and write a great essay with Rationale 	"	
"	 Introducing the Knowledge Graph 	"	graph; introducing
"	 3Gear SDK Demo: Add gestures to your applications 	"	
"	 The Wiki Weapon 	"	
"	 Paraplegic Car Transfer into G35 	"	car
"	 PLURALITY 	"	
"	 ASICS Run With Ryan 	"	
"	 Fear Not This Night - Guild Wars 2 cover by Taylor, Lara, and Malukah 	"	cover; wars
"	 Advanced Interaction Design Video Prototype 	"	design; video
"	 Trip to center of hybrid fractal 	"	fractal; hybrid; trip
"	 Pixar Studio stories - Pinocchio 	"	pixar; studio
"	 Pixar studio stories - The movie vanishes (full) 	"	movie; pixar; studio
"	 Gotye - Somebody That I Used to Know - Old School Computer Remix 	"	computer; remix; school; somebody; used
"	 Artist Leonid Afremov painting a new piece by palette knife, October 26th 	"	piece
"	 Jim Dove Perspective Drawing Time Lapse 	"	drawing
"	 PvZ Zombies Gangnam Style 	"	zombies
"	 Peugeot Onyx Concept Car 	"	car; concept
"	 ReadyCase 	"	
"	 neurowear &quot-shippo / brain controlled tail&quot- concept movie（脳波で動くしっぽ） 	"	brain; concept
"	 One day 	"	
"	 Tutorial 06 for Arduino: Serial Communication and Processing 	"	tutorial
"	 IRIS by HYBE (2012) 	"	
"	 Kitt talking again 	"	talking
"	 interactive arduino 4x4x4 led cube 	"	arduino; cube; interactive; led
"	 The Bay Lights 	"	
"	 BAM maps - Introduction and first test 	"	introduction; maps; test
"	 Augmented Reality Sandbox with Real-Time Water Flow Simulation 	"	augmented; real-time; reality
"	 CGI VFX Breakdowns HD: &quot-Game of Thrones&quot- by Pixomondo 	"	
"	 My little piece of privacy 	"	piece
"	 ACCESS - an interactive art installation by Marie Sester 	"	art; installation; interactive
"	 Kinect Self-Awareness Hack 	"	kinect
"	 trancelife / 「Fish-Bird: Circle C -- Movement B 」 	"	movement
"	 Arduino + Android Projects for the Evil Genius: Control Arduino with Your Smartphone or Tablet 	"	arduino; control; smartphone
"	 The Popinator 	"	
"	 Introducing Boosted Boards, The World&#039-s Lightest Electric Vehicle 	"	introducing
"	 future clothes in the year 2083 by lacoste 	"	future; year
"	 Revel: Programming the Sense of Touch 	"	touch
"	 LED cube 8x8x8 demo 	"	8x8x8; cube; demo; led
"	 8x8x8 RGB LED Cube 	"	8x8x8; cube; led
"	 8x8x8 LED cube 	"	8x8x8; cube; led
"	 Bebot Robot Synth for iPhone and iPod Touch 	"	iphone; ipod; robot; touch
"	 WALL-E Special Features Animation Sound Design: Building Worlds From The Sound Up (Part 1) 	"	animation; building; sound
"	 Bill Moggridge 1943-2012 	"	
"	 12 Rules of animation 	"	animation
"	 Airbus reveals future of formation flight in &#039-Smarter Skies&#039- 	"	flight; future
"	 Game of Thrones - Lindsey Stirling &amp- Peter Hollens 	"	game; thrones
"	 49 synchron angesteuerte Quadrocopter - voestalpine Klangwolke 	"	quadrocopter
"	 3D Pac-Man at the Babycastles Summit 	"	
"	 Green Pedestrian Crossing - China Environmental Protection Fund (2010 Campaign) 	"	china; green
"	 The lion King - I just can&#039-t wait to be king 	"	king
"	 Dream Music: Part 2 	"	dream
"	 Spider-Man, Iron Man and the Hulk (Full and HQ) 	"	hulk; iron; man
"	 Secrets to Broadway Spider-Man&#039-s Stunts 	"	
"	 CAPTAIN PLANET - TRAILER 	"	trailer
"	 &quot-BOTANICUS INTERACTICUS&quot-: Interactive Plant Technology 	"	interactive; technology
"	 Live2D - Interactive 3D animation of 2D images #DigInfo 	"	animation; interactive
"	 Disney Dream Portraits by Annie Leibovitz: Behind The Scenes With Queen Latifah as Ursula 	"	behind; dream
"	 With A Piece Of Chalk 	"	piece
"	 BallCam: GoPro HD inside a football 	"	gopro; hd
"	 Motion Tests 2 by James 	"	
"	 Kinetic Space 2.0. - 3D Gesture Recognition 	"	gesture; recognition
"	 RSA Animate - The Divided Brain 	"	brain
"	 Adele - Rolling in the Deep (Piano/Cello Cover) - ThePianoGuys 	"	thepianoguys
"	 Nearer My God to Thee (for 9 cellos) - ThePianoGuys 	"	thepianoguys
"	 The Mini Adventures of Winnie the Pooh: Eeyore&#039-s Tail 	"	tail
"	 Paperclip: The Drawings 	"	
"	 Ed Sheeran - Drunk (Official Video) 	"	ed; sheeran
"	 Ghost in the Shell - Lego Tachikoma 	"	
"	 Christian Marclay  The Clock 	"	
"	 Apple - Mac - TV Ad - Labor Day 	"	ad
"	 Batman: Nightwing 	"	
"	 Revolution in Art &amp- Design using 3D Printing | Objet for Neri Oxman 	"	art; design
"	 Google Maps Adds Sydney Public Transport Directions (At Last!) 	"	google; maps; sydney
"	 John Cleese on Creativity 	"	john
"	 Surface by Microsoft 	"	surface
"	 Breakdown | - HORIZON - 	"	breakdown
"	 Fallen Star House 	"	house; star
"	 Somebody That I Used To Know 	"	somebody; used
"	 Crayon Dragon 	"	
"	 Guardian open journalism: Three Little Pigs advert - video 	"	video
"	 VS Ramachandran on your mind | Video on TED.com 	"	video; vs
"	 Amsterdam DNA Revisited 	"	
"	 Cello Wars (Star Wars Parody) Lightsaber Duel - Steven Sharp Nelson 	"	cello; wars
"	 Jack Horner: Shape-shifting dinosaurs 	"	
"	 The Animals House of the Rising Sun Old School Computer Remix 	"	computer; house; remix; school
"	 Your Interview with the President 	"	
"	 TEDxSydney - Saul Griffith - Living in the Future 	"	future
"	 App Store - MinoMonsters 	"	
"	 2011: The Cinescape 	"	
"	 Vorwerk Stadt der Milben &laquo-  SEHSUCHT&trade- 	"	
"	 out of sight 	"	
"	 World Population:  7 Billion 	"	world
"	 Take This Lollipop 	"	
"	 Knockoff famous buildings seen in China&rsquo-s richest village | ChinaHush 	"	chinahush
"	 The Feynman Series (part 3) - Curiosity 	"	
"	 Curious Displays 	"	
"	 AI vs. AI. Two chatbots talking to each other 	"	ai; talking
"	 13-Year-Old Uses Fibonacci Sequence For Solar Power Breakthrough - Slashdot 	"	breakthrough; power
"	 Ed Sheeran - You Need Me, I Don&#039-t Need You (Official Video) 	"	ed; sheeran
"	 The Unbound: Star Wars vs Marvel: Luke Skywalker vs. Spider-Man 	"	spider-man; star; vs; wars
"	 &raquo- Cracking the Scratch Lottery Code 	"	
"	 this isn&#039-t happiness&trade- (Hate it)   	"	
"	 General Government Debt as Percent of GDP by Country 	"	
"	 The Creators. An audio-reactive multitouch installation. 	"	
"	 https://img.skitch.com/20110630-pkm3wjuy5gkcenwtat692wgd51.jpg 	"	
"	 Arcade Light Switch | Uncrate 	"	light
"	 HARRY POTTER AND THE DEATHLY HALLOWS: PART II FINAL TRAILER 	"	trailer
"	 Hooray For Earth &quot-True Loves&quot- (Cereal Spiller Remix) 	"	
"	 Xefer Wikipedia Radial Graph 	"	graph
"	 Designing On-Site With Archi-Maton &mdash- The Pop-Up City 	"	city
"	 Tiji: Colors 	"	
"	 Goldfish - We Come Together  | Fubiz&trade- 	"	
"	 Sony&#039-s SmartAR demoed live, raises the bar for augmented reality (video) 	"	augmented; reality
"	 We Chinese - Wo Men Zhong Guo Ren - 我们中国人 - by M. Scott Brauer 	"	brauer; chinese
"	 Il &eacute-tait une fois... les technologies du pass&eacute-. 	"	
"	 This is Windows Phone Next -- developers take notes (video) -- Engadget 	"	
"	 Honest Tea: The Most Honest City In America 	"	city; honest
"	 Brandt Brauer Frick - Caffeine 	"	brauer
"	 Dear blank, please blank | Fubiz&trade- 	"	blank
"	 須藤元気（Genki Sudo)「WORLD ORDER」の&quot-MACHINE CIVILIZATION&quot-フルver.PV 	"	
"	 Blinky&trade- 	"	
"	 A Day Made of Glass... Made possible by Corning. 	"	
"	 Fractal Lab Introduction 	"	fractal; introduction; lab
"	 Real Life Version of Up | Fubiz&trade- 	"	life; real; version
"	 If we don&#039-t, remember me. 	"	
"	 The 2011 State of the Union Address: Enhanced Version 	"	version
"	 High Society 	"	
"	 OBlog: At the Movies with Javier Mariscal: Observers Room: Design Observer 	"	design; observer
"	 http://www.chinahush.com/wp-content/uploads/2010/11/20101105-gz-asian-games-25.jpg 	"	
"	 Who Wishes They&#039-d Dressed Up As a Coca Cola Transformer/Truck/Vending Machine Now? 	"	machine
"	 Momiga 	"	
"	 Thieving Pigeon Steals a Bag of Chips!  ON VIDEO!!! | One Man&#039-s Blog 	"	blog
"	 Iron Man v0.001 	"	iron; man
"	 This Controversial Climate Change Ad Made Sony Drop its Sponsorship 	"	ad; sony
"	 Superflow - Bachelor Thesis 	"	
"	 Sintel 	"	
"	 NY Data Visualization and Infographics 	"	infographics
"	 Russ Chimes - Midnight Club EP (Part 1: Never Look Back) 	"	
"	 IxD - A2a - Social Network Research 	"	social
"	 NSFW. A hunter shoots a bear! 	"	
"	 Let Me In - Movie Trailers - iTunes 	"	itunes; movie
"	 The Third &amp- The Seventh 	"	
"	 PS3 vs. Green Onion (Subtitled) 	"	green
"	 iPhone 4 Gyroscope Teardown - iFixit 	"	iphone
"	 http://30.media.tumblr.com/tumblr_l6r7usRbL71qzgn0io1_500.jpg 	"	
"	 Interactive zombie movie adventure - DELIVER ME TO HELL - REAL ZOMBIES ATTACK 	"	adventure; interactive; movie; real; zombies
"	 Surprising Street Stories (15 photos) - My Modern Metropolis 	"	metropolis; modern; street
"	 Vote-a-Matic quiz | Federal Election 2010 policy quiz 	"	quiz
"	 35mm 	"	
"	 Predators - Movie Trailers - iTunes 	"	itunes; movie
"	 Abduzeedo | Graphic Design Inspiration and Photoshop Tutorials 	"	design; inspiration
"	 In the Fall of Gravity 	"	
"	 Oil in the Gulf, two months later - The Big Picture - Boston.com 	"	picture
"	 POA - *Chime* 	"	
"	 Tickling a Massage Chair With Twirling Wiimotes 	"	
"	 Tomorrow&#039-s toon talent - Entertainment News, Film News, Media - Variety 	"	entertainment; film; media
"	 Are Cameras the New Guns? 	"	
"	 INFO2120/2820 - Assignments 	"	
"	 Liquidicity &raquo- Panic Over! PHP, CSS &amp- HTML Help Sheets 	"	
"	 THE RAVEN - 720 HD 	"	hd
"	 Marvel Video Games | Iron Man, Spider-Man, Hulk and all Marvel Video Game News, Trailers, Pics, Prev 	"	game; hulk; iron; marvel; video
"	 East Meets West: An Infographic Portrait | Brain Pickings 	"	brain; portrait
"	 Nike Music Shoe | Fubiz&trade- 	"	music
"	 Drink : 3DCG Animation [ HD ] : 牛山雅博 	"	animation; drink; hd
"	 Cool Infographics - Cool Infographics - The Nerd VennDiagram 	"	cool; infographics
"	 hybrid 2010 reel 	"	hybrid
"	 THE BEAST FILE: GOOGLE 	"	google
"	 IMG_9179.fixed 	"	
"	 s3.amazonaws.com 	"	
"	 Upular 	"	
"	 Psychatric Answering Machine Typography Animation 	"	animation; machine
"	 Urban Street Art - Street Signs by TrustoCorp (12 pics) - My Modern Metropolis 	"	art; metropolis; modern; street
"	 I don&rsquo-t believe in Global Warming! | Design You Trust. World&#039-s Most Provocative Social Inspiration. 	"	design; provocative; social
"	 Facebook New Office | Trend.Land -&gt- Fashion Blog &amp- Trend Magazine 	"	blog; trend
"	 Korb : I&rsquo-ll be gone | Fubiz&trade- 	"	
"	 Crep&uacute-sculo Mountain | Design You Trust. World&#039-s Most Provocative Social Inspiration. 	"	design; provocative; social
"	 Unfriend named word of 2009 | Lifestyle | Reuters 	"	
"	 The Sims Horror Movie 	"	movie
"	 Auditorium - Index 	"	
"	 Procrastination John Kelly 	"	john
"	 Google Wave Pulp Fiction: So That&#039-s What This Thing Is For - Google wave pulp fiction - Gizmodo 	"	fiction; google; pulp; wave
"	 China celebrates 60 years - The Big Picture - Boston.com 	"	china; picture
"	 mishinsilo.deviantart.com 	"	
"	 Personas | Metropath(ologies) | An installation by Aaron Zinman 	"	installation
"	 Wayside Chapel in Sydney Dust 	"	sydney
"	 A Clever Collection of 40+ Inspiring Ambigrams - Vectortuts+ 	"	
"	 img.skitch.com 	"	
"	 humon.deviantart.com 	"	
"	 Knorr Shaker 	"	
"	 OhGizmo! &raquo- Archive &raquo- The Venn Diagram Of Social Media 	"	media; social
"	 8-bit trip 	"	trip
"	 ULTra PRT - ULTra System 	"	ultra
"	 Meet the L33t parents and bow before them	"	meet