1	photos
2	batman; artist; ign; talks; world
3	dc; comics; digital; source
4	gotham; battle
5	dc; batman; superman; exclusive; heroes; featuring; jim
6	dc; comics; digital; source
7	batman; dark; knight; cover; gotham
8	dc; heroes; johns; geoff; fans
9	dc; comics; batman; check; team; cover; releases; art
10	superman; digital; check; featuring; video; coming; available; download
11	batman; robin
12	artist; check; art
13	exclusive; watch
14	comics; lantern; universe; green; digital; read; available; including
15	photos
16	superman; cover; available; download
17	
18	comics; read
19	dc; comics; book; artist; check; favorite
20	check; injustice; gods
21	dc; comics; digital; read; available
22	superman; issue; man; adventures; steel
23	read; injustice; woman; wonder; photos
24	dc; comics; book; check; favorite; including
25	dc; comics; green; digital; issue; action; swamp
26	man; animal; family; battle
27	coming; gods; photos
28	photos
29	dc; comics; check; cover; releases; aquaman; available; swamp; art
30	dc; comics; green; arrow; cover; art
31	series; pick
32	photos
33	comics; superman; store; collection; action; pick
34	superman; today; read; man; fans; adventures; steel
35	comics; justice; digital; today; series; read; spotlight; favorite
36	preview; exclusive; man; city; world; steel
37	heroes; injustice; watch; game; available; gods; trailer
38	batman; woman; wonder; photos; red
39	dc; comics; week; family; nation
40	superman; watch; coming
41	dc; heroes; entertainment; favorite
42	justice; league; dark; team; flash; swamp
43	dc; comics; digital; read; available
44	photos
45	read; gotham; city; arkham
46	dc; comics; digital; aquaman; favorite
47	dc; comics; green; team; super; teen; including
48	
49	green; injustice; photos
50	injustice; win; best; gods
51	dc; universe; available
52	dc; comics; today; read; download
53	superman
54	superman; preview; exclusive; issue; family; adventures
55	superman; man; collection; action; beyond; tomorrow
56	photos
57	preview; titans; teen; red
58	comics; digital
59	lantern; green; artist; check
60	dc; animal; nation
61	
62	dc; comics; week; read; man; steel; trailer
63	dc; nation
64	
65	superman
66	action; gods; photos; pick
67	dc; comics; digital
68	trailer
69	watch; titans; teen
70	
71	dc; comics
72	dc; comics; universe; league; digital; woman; titles; america; available; presents
73	
74	
75	check; gods
76	injustice; watch
77	comics; universe; league; book; today; heroes; woman; beyond; super; presents
78	justice; league; team
79	dc; comics; releases
80	arrow; fans; photos; favorite
81	man; steel; trailer
82	robin; titans; game; teen
83	preview; exclusive; issue; family; best; world
84	dc; universe; preview; exclusive; issue; check; presents
85	
86	story; featuring; watch; tomorrow; gods; trailer
87	comics; lantern; green; digital; series; presents
88	photos
89	dc; heroes; woman; entertainment; wonder; america; jim; super
90	batman; robin; happened; red
91	dc; comics; lantern; superman; green; league; digital; source; dark; knight; man; flash; woman; gotham; store; wonder; robin; beyond; adventures; download; red
92	arrow
93	preview; issue; man; entertainment; steel
94	dc; today; man; check; super; nation
95	lantern; green
96	dc; comics; digital; source; series; story; cover; titles; coming; available; art; favorite
97	batman; exclusive; team; injustice; battle; miss; beyond; photos
98	dc; comics; batman; digital; issue; spotlight; cover; art
99	comics; batman; superman; book; story; lee; jim
100	dc; today; heroes; johns; geoff
101	writer; talks
102	comics; lantern; book; today; check; flash; gotham; family; robin; earth; titans; arkham; tp; red
103	batman; robin; miss
104	miss
105	dc; comics; batman; superman; exclusive; injustice; cover; gods
106	family; swamp
107	dc; batman; superman; man; injustice; battle; steel
108	dc; batman; man; injustice; battle; steel
109	dc; heroes; johns; geoff
110	dc; comics; graphic; enter
111	battle; gods
112	dc; week; heroes; check
113	dc; superman; justice; league; woman; wonder; jim; art
114	dc; heroes; featuring; super; download
115	dc; comics; lantern; justice; green; league; digital; read; check; titles; beyond; available
116	justice; digital; spotlight; aquaman; battle; gods
117	superman; issue; read; man; team; lee; jim; steel
118	justice; digital; download
119	dc; comics; digital; check; earth; action
120	digital; writer; spotlight; story; store; swamp
121	best
122	dc; comics; week; read
123	injustice; available; photos; favorite
124	dc; comics; lantern; universe; dark; knight; arrow; man; check; releases; gods; tp
125	dc; comics; action; including
126	comics; batman; spotlight; gotham
127	dc; comics; man; animal; releases; earth; action
128	batman; superman; best
129	preview; exclusive; check
130	exclusive; man; win; enter; steel
131	batman; justice; exclusive; heroes; best
132	comics; batman; spotlight; graphic
133	dc; comics; today
134	dc; week; check; nation; including
135	dc; comics; series; flash; photos
136	comics; superman; preview; action
137	dc; comics; green; digital; spotlight; featuring; year; art
138	city; coming; miss
139	dc; comics; entertainment; super; photos; including
140	dc; comics; green; check; wonder; aquaman; super; including
141	dc; entertainment; miss
142	justice; league; book; read; flash; talks; resources; swamp
143	comics; batman; justice; league; read; ign; beyond; world
144	dc; comics; digital; source; read; available
145	flash; pick
146	digital; arrow; spotlight; check
147	check
148	book; check
149	dc; comics; digital; available
150	gotham; city; wonder; gods; photos
151	team; win; enter
152	digital; spotlight; earth; aquaman; download
153	heroes; wonder; super; york
154	dc; comics; entertainment; titles; coming
155	dc; comics; week; check
156	preview; exclusive; issue; check; adventures; presents
157	batman; green; johns; flash; injustice; geoff; watch; win; battle; lee; jim; enter
158	dc; comics
159	dc; universe; justice; green; arrow; entertainment; titles; coming
160	dc; comics; justice; league; gods
161	dark; knight; spotlight
162	dc; comics; dark; knight
163	dc; comics; young
164	superman; preview; exclusive; family; adventures
165	read; heroes
166	exclusive; cover
167	dc; comics; entertainment; including
168	batman; superman; flash; injustice; action; battle; enter; photos
169	preview; exclusive; store
170	writer; heroes; spotlight; check; geoff; featuring; graphic
171	dc; week; titans; adventures; nation
172	batman; lantern; johns; injustice; geoff; win; battle; lee; jim; enter; gods; red
173	superman; exclusive; cover
174	dc; batman; lantern; superman; green; injustice; battle
175	featuring; watch; trailer
176	superman; preview
177	comics; batman; digital; dark; knight; spotlight
178	justice; league; read
179	dc; batman; family; happened
180	preview; issue; story; flash; city; mtv
181	superman; man; fans; watch; video; trailer
182	batman; check
183	dc; comics; week; digital; titles
184	woman; family; wonder
185	writer; store
186	dc; comics; family; win; graphic; enter
187	dc; comics; digital
188	universe; preview; exclusive; issue; check
189	family; super; enter
190	exclusive; cover
191	batman; justice; league; digital; spotlight; team; store; miss
192	dc; team; coming; gods
193	dc; comics; week
194	preview; arrow; featuring
195	writer; story; woman; store; wonder; world
196	dc; comics; superman; universe; league; woman; city; releases; america; beyond; presents
197	dc; favorite
198	batman; preview; exclusive; series; check; beyond; adventures
199	comics; superman; writer; spotlight; win; action; miss
200	dc; comics; justice; preview; league; check; pick; including
201	justice; league; exclusive
202	batman; series; win; enter
203	dc; comics; man; win; steel
204	exclusive; cover; swamp
205	dc; preview; week
206	universe; exclusive; cover
207	dc; universe; preview; exclusive; presents
208	batman; spotlight; gotham; city; graphic; novel; annual
209	exclusive; cover
210	batman; win; enter
211	dc; comics; injustice; battle; photos; favorite
212	exclusive; check; cover; featuring
213	preview
214	batman; exclusive; cover
215	comics; digital; spotlight; woman; wonder; collection
216	batman; series; win; enter
217	heroes; titans; teen
218	green; preview; exclusive; check; mtv
219	photos
220	flash; watch; video; battle
221	book; check; super
222	dc; comics; week; digital; source; titles
223	pick
224	digital; spotlight; gotham
225	arrow; injustice; video; game
226	heroes; earth
227	dc; comics; digital; read; titles
228	batman; robin; red
229	batman; digital; dark; knight; spotlight; story; family; robin; miss
230	gotham
231	dc; comics; week
232	dc; dark; knight; check; returns; review
233	titans; teen
234	injustice; win; video; battle; lee; game; super
235	dc; dark; knight; best; game
236	dc; comics; lantern; series; robin; titles; arkham
237	batman; issue; spotlight; story; store; featuring
238	dc; comics; batman; preview; team; releases
239	artist; art
240	dc; preview; heroes; check; super
241	dc; dark; story; year; origin
242	comics; heroes; story; win
243	lantern; green; preview; exclusive; series; heroes; red
244	heroes; spotlight; earth; graphic; pick
245	comics; batman; year; group
246	preview
247	justice; titans; coming; young; teen; group
248	dc; arrow; coming; beyond; group
249	cover; gotham; collection
250	batman; lantern; superman; green; flash; injustice; wonder; watch; video; aquaman; battle
251	green; cover; miss; teen; group
252	dark; man; check; cover; animal; art; group
253	lantern; green; series; store; group
254	dc; comics; superman; lee; jim; super; group; including
255	justice; league; heroes; flash; wonder; coming; group; favorite
256	dc; injustice; woman; wonder; battle; favorite
257	green; arrow
258	dc; comics; family; super
259	exclusive; mtv
260	family
261	
262	dc; nation
263	dc; comics; lantern; justice; digital; dark; knight; arrow; read; man; flash; family; titans; beyond; available; adventures; teen
264	justice; league; digital; spotlight; gods
265	dc; family; news
266	dc; entertainment; earth; graphic; novel; including
267	photos
268	dc; comics; win; super; enter
269	fans
270	dc; comics; lantern; digital; arrow; man; available
271	exclusive; returns; city; talks; mtv
272	dc; comics; family; fans
273	lantern; green; digital; today; spotlight; story; miss; download
274	preview; exclusive; check
275	dc; writer; geoff; talks
276	dc; comics; lantern; dark; knight; arrow; man; gotham; family; adventures; tp; red
277	comics; superman; digital; action; download; photos
278	story; gods; trailer
279	dc; comics; green; today; arrow; gotham; earth; miss; graphic; red
280	superman; spotlight; story; miss
281	dc; comics; preview; releases; earth; miss
282	dc; exclusive; artist; cover; woman; wonder
283	writer; team; store; talks
284	book; arrow; resources
285	photos
286	preview; exclusive
287	superman; preview; exclusive; family; adventures
288	superman; preview; exclusive; family; adventures
289	dc; series; city; entertainment
290	dc; entertainment; fans; available; super
291	spotlight; gotham; graphic
292	batman; issue; cover
293	dc; comics; batman; book; miss; resources
294	preview; issue; check; group
295	batman; digital; robin
296	batman; digital; download
297	dc; comics; lantern; green; digital; series; writer; heroes; spotlight; johns; geoff
298	dc; bit; green; week; arrow; happened; miss
299	exclusive; writer; talks; collection
300	green; week; arrow; injustice; watch; win; video; battle
301	green; preview; arrow; fans
302	series; check; family
303	superman; injustice; watch; battle
304	dc; comics; digital; flash; titles; pick
305	digital; spotlight; gotham; download
306	digital; arrow
307	preview; exclusive
308	dc; batman; universe; exclusive; family
309	read; gotham; coming
310	dc; comics; digital; check; flash; aquaman
311	green; exclusive; arrow; writer; team; cover; featuring; win
312	digital; spotlight; aquaman
313	green; week; arrow; photos
314	heroes; talks
315	dc; preview; arrow; johns; geoff; store; talks
316	dc; action; gods
317	green; week; arrow; johns; geoff
318	comics; justice; league; book; dark; knight; man; flash; america; titans; teen; presents; gods
319	photos
320	dark; knight; featuring; win
321	dc; comics; batman; week; aquaman
322	batman; spotlight; story
323	dc; comics; arrow; red
324	issue; book; fans; best
325	comics; preview; week; exclusive; issue; series; presents
326	dc; arrow; johns; geoff; fans
327	superman; injustice; win; battle; enter
328	green; arrow; talks
329	spotlight; check; gotham; city; graphic; novel
330	preview; flash; battle
331	dc; batman; series; talks
332	batman; story; talks
333	cover; photos
334	superman; green; arrow; injustice; battle
335	comics; digital; series; read; man; spotlight; collection
336	dc; justice; week; league; injustice; battle
337	series; writer; store; talks
338	injustice; aquaman; battle
339	lantern; green; injustice; win; battle
340	dc; comics; lantern; universe; justice; league; digital; dark; knight; man; check; flash; woman; america; beyond; presents
341	coming
342	digital; man; spotlight; news; gods
343	today; series; team; featuring; lee
344	writer; talks
345	superman; book; read; family; miss; resources; art
346	dc; justice; league; series
347	dc; comics; heroes; best; super
348	justice; league; team; america
349	dc; comics; batman; superman; writer; artist; story; lee
350	dc; comics; universe; justice; league; digital; source; woman; presents; annual
351	photos
352	watchmen
353	justice; league; digital; issue; today; series; spotlight; johns; geoff; america
354	series; city; arkham
355	green; exclusive; read
356	arrow; read; man; robin
357	dc; comics; superman; justice; league; america
358	
359	dc; justice; league; artist; johns; geoff; america; favorite
360	dc; comics; lantern; superman; universe; justice; league; book; check; johns; woman; geoff; titles; america; titans; beyond; presents; tp
361	justice; preview; exclusive; issue; young
362	dc; comics; lantern; green; team; including; red
363	dc; comics
364	justice; league; heroes; spotlight; america; miss
365	dc; lantern; justice; green; week; league; geoff; america
366	dc; universe; preview; issue; ign; presents
367	lantern; green; photos
368	justice; league; artist; johns; geoff; america; favorite
369	justice; preview; team; animal; collection; super; young
370	lantern; green; week; injustice; watch; video; aquaman; battle; gods
371	spotlight; graphic
372	dc; lantern; green; week; injustice; watch; win; aquaman; battle
373	comics; justice; green; league; digital; series; spotlight; wonder; america
374	dc; week; check
375	batman; video; beyond
376	flash; injustice; watch; video; battle
377	dc; comics; lantern; green; league; digital; source; dark; knight; series; man; flash; woman; gotham; wonder; robin; beyond
378	
379	
380	superman; digital; read; spotlight; flash
381	justice; green; league; read
382	dc; entertainment
383	exclusive; issue; mtv
384	dc; comics; super
385	dc; injustice; battle; gods
386	dc; super
387	dc; comics; lantern; digital; series; robin; available
388	man; win; world; enter; download; steel
389	batman; writer; read; art
390	dc; universe; heroes; super; world
391	justice; league; digital; series; spotlight; america; miss
392	preview; series
393	green; preview; exclusive; series
394	dc; comics; justice; dark; knight; series; robin; featuring; titles; arkham; pick
395	superman; man
396	check; gotham
397	dc; comics; week; check; releases
398	dc; comics; batman; digital; today; read; spotlight; featuring; graphic
399	dc; comics; batman
400	preview; exclusive; team
401	preview; digital; video; game; adventures; arkham
402	digital; gods; download
403	dc; comics; coming; group
404	lantern; green; issue; writer; story; geoff; releases; battle; group
405	batman; spotlight; gotham; city; graphic; including; red
406	lantern; green; preview; exclusive; check; pick
407	dc; arrow; artist; titles; coming; beyond; group
408	week; injustice; watch; win; video; battle; gods
409	dark; check; group
410	green; team; releases; art; group
411	lantern; green; johns; geoff
412	dc; week; flash; injustice; battle
413	superman; check; group; steel
414	batman; gotham; city; family; coming; group
415	justice; league; heroes; team; earth; titles; annual; group
416	comics; batman; justice; league; digital; dark; knight; spotlight; team; america; group
417	superman; book; win; lee; jim; enter; tomorrow
418	dc; week; battle; trailer
419	dc; comics; digital
420	lantern; green; issue; read; man; animal
421	injustice; woman; wonder; watch; video; battle; gods
422	green; arrow; read; check
423	batman; injustice; watch; win; video; battle
424	dc; comics; green; team; coming; super; art
425	superman; digital; read; spotlight; story; video; miss; gods
426	dc; comics
427	dc; man; city; coming; arkham; gods
428	comics; writer; artist; story
429	preview; exclusive; mtv
430	dc; book; read; heroes; check; beyond; super
431	talks; red
432	man; animal; swamp
433	dc; exclusive; man; mtv; gods; steel
434	dc; team; gods; photos
435	superman; dark; knight; series; man; ign; miss; adventures
436	green; digital; arrow; spotlight; team
437	heroes; watch; video
438	man; artist; cover; animal
439	preview; digital; exclusive; issue; download
440	dc; comics; dark; knight; arrow; man; titles; tomorrow; pick; steel
441	dc; heroes; city; win; super; york
442	comics; issue; today; action
443	dc; comics; earth; swamp
444	spotlight; featuring; young; favorite
445	green; animal; miss
446	dc; comics; batman; week; injustice; woman; fans; wonder; win; battle; enter; pick
447	preview; book; arrow; check; fans; resources
448	preview; exclusive
449	dc; comics; batman; week; injustice; woman; wonder; win; battle; enter
450	justice; league; writer; johns; team; geoff; america
451	dc; comics; batman; week; check; injustice; woman; store; wonder; win; battle; enter
452	preview; exclusive; art
453	gotham; pick
454	comics; green; preview; arrow; writer; read; coming
455	dc; comics
456	dc; preview; exclusive; young
457	dc; comics; green; digital; arrow; read; spotlight; year
458	dc; comics; aquaman; happened; gods
459	dc; comics; green; geoff; including
460	justice; preview
461	available; gods
462	justice; league; book; enter
463	super; presents
464	superman
465	justice; league; johns; america
466	
467	superman
468	dc; comics; digital; book; titles; favorite; pick
469	dc; preview; exclusive; man; heroes; animal; swamp
470	dc; batman; entertainment; titles; graphic; young; annual
471	digital; dark; knight; read; spotlight
472	dc; preview; exclusive; man; animal; swamp
473	check; photos
474	comics; superman; exclusive; story; johns; geoff; watch; action; trailer
475	dc; comics; universe; justice; digital; aquaman; available; young
476	book; read; artist; fans; watch
477	dc; comics; check
478	exclusive; read; aquaman
479	justice; league; digital; spotlight; aquaman
480	dc; coming
481	comics; talks
482	preview; exclusive; issue; presents
483	dc; team
484	justice; league; heroes
485	heroes; watch; gods; trailer
486	comics; book; releases; aquaman; red
487	dc; comics; check
488	superman; exclusive; read; art
489	dc; comics; universe; justice; league
490	lantern; green; spotlight; annual
491	dc; comics; preview; releases
492	justice; league; team
493	justice; league; book; america; resources
494	issue; check
495	justice; league; dark; writer; story; talks; fans; coming
496	superman; preview; exclusive; store; family; super; adventures
497	preview; origin
498	justice; league; spotlight; story; team; graphic; origin
499	exclusive; dark; knight
500	dc; exclusive; artist; injustice; talks; gods
501	dc; justice; league; dark; super
502	lantern; green; preview; exclusive; annual
503	batman; preview; robin; annual
504	dc; batman; superman; justice; league; series; heroes; entertainment; win; york
505	comics; green; preview; exclusive; arrow
506	green; digital; arrow; spotlight
507	dc; comics; week
508	preview; exclusive
509	arrow; watch
510	dc; watch
511	justice; league; read; check; team
512	dc; comics; lantern; universe; justice; league; digital; dark; knight; arrow; flash; woman; beyond; presents; annual; pick
513	comics; justice; league; artist; aquaman
514	week; dark; knight; returns; robin; available; download
515	dc; justice; league; cover; america
516	digital; spotlight; flash; teen; red
517	series; writer; including
518	dc; universe; dark; knight; best
519	dc; comics; universe; league; digital; woman; titles; available; presents
520	digital; spotlight; gotham; family
521	justice; league; writer; geoff; talks; america
522	justice; league; exclusive; cover; america
523	dark; knight; returns; world
524	dark; knight; returns; world
525	justice; league; writer; talks
526	comics; lantern; universe; justice; league; book; dark; knight; arrow; woman; releases; presents; annual; pick
527	justice; preview; exclusive; issue; heroes; earth; young
528	preview; arrow
529	dc; comics; justice; woman; store; wonder; available; young; including
530	justice; league; spotlight; america
531	
532	dc; writer
533	dc; universe; exclusive; world; presents; download
534	justice; league; today; johns; geoff; america
535	dc; comics; book; read; talks; action; resources; super; world
536	dc; comics; watch; jim
537	dc; universe; preview; exclusive; flash; fans; presents
538	green; arrow; spotlight; graphic
539	dc; comics; preview; exclusive; woman; store; wonder; miss; mtv
540	superman; preview; story; earth; annual
541	dark; knight; returns; watch; available; download; trailer
542	dark; knight; series; story
543	comics; digital; read; spotlight; family; featuring
544	dc; week; review; miss
545	dc; comics; digital; team; titles; available
546	exclusive; read
547	superman; today; check; photos
548	book; writer; resources; swamp
549	dc; comics; lantern; digital; robin; titles; available
550	batman; writer; family; talks
551	lantern; green; digital; spotlight; annual
552	dc; series; writer; team; talks
553	series; talks
554	green; preview; exclusive; series; battle; red
555	dc; comics; today; heroes; check; talks
556	artist; team; talks
557	comics; series; robin; featuring; arkham
558	dc; lee; jim; super
559	dc; comics; book; today; entertainment; earth; annual
560	dc; comics; week; digital; check; releases; store
561	batman; spotlight; arkham
562	dc; comics; batman; including
563	dc; batman; preview; exclusive; check; returns; arkham
564	digital; story; battle; gods
565	lantern; green; preview; issue; series
566	preview; featuring
567	preview
568	spotlight; miss; graphic
569	team; group
570	justice; league; dark; store; group
571	comics; batman; man; family; coming; group
572	lantern; green; coming; group
573	dc; universe; book; heroes; story; ign; miss; game; tomorrow; gods
574	justice; titans; young; teen; group
575	comics; superman; woman; wonder; action; group
576	justice; league; aquaman; group
577	dc; book; check; news; resources
578	batman; superman; robin; coming; group
579	dc; universe; arrow; titles; coming; beyond; group
580	comics; digital; spotlight; flash
581	dc; bit; comics; week; year
582	preview; exclusive
583	preview; book
584	batman; beyond
585	preview; exclusive; check
586	issue; book; review; earth
587	ign; gotham; review; swamp
588	book; read; man; animal; review; red
589	green; swamp
590	issue; read; earth; happened
591	book; man; animal; win; enter
592	exclusive; issue; writer; read; cover; swamp
593	comics
594	dc; comics; lantern; digital; source; arrow; man; download
595	issue; series; writer; read; team; red
596	dc; comics; universe; series; news; coming
597	dc; lantern; justice; green; preview; watch; miss; young; tomorrow; nation
598	dc; comics; digital; entertainment
599	comics; batman; family; including
600	
601	dc; comics; lantern; digital; arrow; man; available
602	dark; knight; check; win
603	comics; book; talks; best
604	comics; issue; download; including
605	green; digital; spotlight; miss; annual
606	dc
607	comics; superman; justice; league; series; ign; lee; jim
608	dark; knight; win
609	preview; check; story; collection
610	comics; writer; artist; action
611	heroes; year
612	week; arrow; check; returns; photos
613	green; issue; arrow; writer; check; talks; art
614	preview; exclusive
615	dc; comics; releases; store; available
616	comics; spotlight; gotham; city; family
617	gotham; swamp
618	exclusive; cover
619	lantern; green; book; cover; resources
620	artist; woman; store; wonder; year
621	issue; read
622	dark; knight; win; enter
623	justice; green; league; man; spotlight; animal; family; graphic
624	comics; story; geoff
625	green; preview; exclusive; writer; check; annual
626	dc; comics; justice; league; digital; spotlight; team; wonder; super; young; teen
627	comics; lantern; green; book; writer; johns; geoff; win; enter
628	preview; exclusive; check; battle
629	dc; comics
630	comics; superman; preview; exclusive; action
631	digital; dark; knight; spotlight
632	check; ign; review
633	justice; league; dark
634	justice; league; dark; read; ign; review
635	ign; review
636	justice; league; america
637	justice; preview; league; exclusive; artist; story; beyond; art; origin
638	dc; justice; green; series; returns; watch; young; tomorrow; nation
639	dc; comics; entertainment; best
640	dc; comics; lantern; justice; green; team
641	dc; comics; lantern; league; digital; dark; knight; man; flash; woman; gotham; family; titans; beyond; available; adventures; teen; presents
642	story; flash; happened
643	dc; justice; returns; young; nation
644	digital; arrow; spotlight
645	watch; video; graphic; novel
646	year
647	dc; nation
648	superman; check; talks; pick
649	digital; spotlight; team; family; titans; teen
650	dc; comics; superman; man; earth; win; coming; graphic; enter; including
651	book; cover; pick
652	favorite
653	dc; check; team; young
654	heroes; spotlight
655	comics; batman; superman; arrow; graphic; novel
656	dc; comics; digital; book; available
657	superman; spotlight
658	lantern; green; spotlight; graphic
659	comics; lantern; green; digital; artist; spotlight
660	dc; preview; mtv; red
661	dc; win; enter
662	superman; today
663	justice; league; book; aquaman; resources
664	justice; league; read; johns; geoff; best
665	justice; week; league; issue; ign; review
666	
667	comics; preview; book; check
668	justice; league; johns; geoff; talks; aquaman
669	dc; win; enter
670	read; heroes; spotlight
671	digital; spotlight; team
672	digital; spotlight; check; aquaman
673	superman
674	dc; comics
675	justice; league; issue; spotlight; check
676	read; gotham; download
677	dc; win; enter
678	comics; digital; spotlight; team
679	comics; digital; spotlight; collection; aquaman
680	justice; league; heroes
681	review
682	justice; league; heroes
683	dc; universe; book; talks; resources; teen
684	dc; comics; lantern; universe; justice; digital; source; dark; knight; flash; woman; gotham; beyond; adventures; presents; arkham
685	dc; win; enter
686	justice; league; book; enter
687	bit; digital; read; spotlight; gotham; download
688	family
689	talks
690	comics; book; news; swamp
691	dc; comics; universe; justice; league; digital; woman; titles; presents
692	dark; knight; review; year
693	dc; comics; justice; league; heroes; family
694	digital; spotlight
695	batman; gotham; annual
696	dc; comics; superman; digital; today
697	arrow; read
698	justice; coming; young
699	dc; justice; league; man; team; steel
700	heroes; family
701	justice; preview; exclusive; young
702	dc; comics; lantern; universe; justice; heroes; woman; super; presents
703	injustice
704	book; resources
705	dc; comics; justice; digital; releases; young
706	dc; comics; lantern; green; digital; read; spotlight; earth; featuring; graphic
707	batman; digital; gotham; available; annual; download
708	lantern; green; coming
709	book
710	preview; book; resources
711	universe; preview; exclusive
712	issue; series; gotham; titans; teen; red
713	dc; green; check; coming; young; tomorrow; nation
714	batman; preview; gotham; annual
715	dc; comics; series; video; best
716	releases; year; tomorrow
717	dc; comics; digital; writer; heroes; spotlight; york
718	ign; geoff; earth; best; graphic; novel
719	book; man; animal; enter
720	dc; comics; superman; woman; wonder; best; super
721	man; watch; steel; trailer
722	dc; comics; digital; entertainment
723	dc; comics; lantern; justice; green; heroes; watch; video; lee; jim
724	batman; ign; gotham; city; watchmen; best; year
725	arrow; watch; video; miss
726	issue; dark; knight; year
727	dc; comics; lantern; universe; digital; series; robin; titles; pick
728	universe; preview; book; story; coming
729	universe; digital; world
730	batman; digital; spotlight; family; robin
731	dc; universe; entertainment; titles; coming
732	dc; heroes
733	
734	preview; arrow; watch
735	issue
736	dc; comics; batman; team
737	dc; superman; justice; league; heroes; spotlight; action
738	dc; comics; today; releases; titles; coming
739	batman; spotlight; miss
740	arrow; teen
741	batman; artist; ign; best
742	exclusive; check; cover
743	dc; universe; entertainment; titles; coming
744	lantern; green; preview; happened
745	green; preview; exclusive; series; check; red
746	exclusive; man; watch; world; steel; trailer
747	best; graphic; york
748	justice; league; heroes; spotlight; america; battle; graphic; super
749	superman; issue; book
750	aquaman; coming; group; including
751	dark; man; animal; group
752	batman; group; origin
753	dc; superman; coming; group
754	dark; knight; check; photos
755	lantern; green; miss; group
756	justice; league; group
757	comics; lantern; justice; green; digital; read; spotlight; flash; adventures
758	comics; read; gotham; happened
759	dc; dark; knight; video; news; action; gods
760	issue; book; writer; talks; resources; jim
761	batman; justice; league; dark; writer; man; ign; animal; best; swamp
762	bit; book; man; story; animal; action; resources
763	man; check; animal; review; red
764	book; review; earth
765	green; issue; swamp
766	read; man; ign; animal; review; pick
767	dc; comics; justice; ign; titans; young; teen; including
768	comics; exclusive; team; coming; mtv; teen; group
769	dc; comics; justice; league; exclusive; earth; america; coming; including
770	arrow; series; fans
771	dc; universe; story; cover; fans; presents; red
772	digital; arrow; spotlight; story
773	batman; book; series; ign; best
774	writer; earth; coming
775	comics; graphic
776	arrow; watch; video
777	dc; comics; series; team; graphic; novel
778	dc; comics; digital; man; animal; earth; action; available
779	justice; league; issue; series; story; geoff; america; mtv
780	dc; comics; digital; series; ign; best; year; graphic
781	digital; spotlight; gotham; swamp; arkham; including; red
782	dc; arrow; watch; video; coming
783	exclusive; artist; check; cover
784	batman; artist; ign
785	dc; heroes
786	dark; knight
787	preview; arrow; miss
788	dc; comics; dark; knight; arrow; man; titles; world; tp; pick
789	dc; green; arrow; woman; wonder; action; gods
790	comics; spotlight
791	knight
792	preview; heroes
793	dark; today; knight; cover; photos
794	preview; exclusive; writer; artist
795	spotlight; gotham; city; graphic; pick
796	superman; man; check; fans; steel
797	superman; exclusive; man
798	dc; comics
799	preview; issue; pick
800	superman; store; beyond
801	comics; digital; heroes; spotlight; team; wonder; featuring; favorite
802	preview; series; ign
803	exclusive; coming; favorite
804	releases; best; including
805	issue; read; review
806	issue; book; action
807	dc; green; check; titans; miss; young; teen; nation
808	book; read; review
809	read; ign; review; best
810	preview; exclusive; check
811	heroes
812	dc; digital; today; fans; super; download
813	dc; comics; lantern; justice; league; digital; dark; knight; flash; woman; gotham; family; titles; titans; beyond; available; adventures; teen; presents; arkham; favorite
814	dc; batman; heroes; video; best; game; super
815	digital; issue; arrow; spotlight
816	aquaman; super; mtv
817	arrow; johns; geoff; featuring; watch; video
818	read; talks
819	dc; comics; league; digital; dark; knight; family; titles; titans; available; adventures; presents; annual; pick; origin
820	dc; action; coming
821	dc; comics; justice; heroes
822	digital; spotlight; aquaman
823	writer
824	batman; lantern; green; read; talks; york; including
825	
826	batman; dark; knight
827	dc; heroes
828	preview; arrow; geoff
829	dc; comics; universe; league; dark; knight; flash; woman; family; titles; titans; beyond; available; adventures; presents; tp
830	exclusive; action; gods; favorite
831	superman; preview; exclusive; issue; family; adventures
832	dc; comics; releases
833	superman; spotlight
834	preview; exclusive; knight; check
835	dc; writer
836	justice; league; read; aquaman
837	preview; exclusive; issue; man; featuring; presents
838	today; heroes; year
839	dc; universe; spotlight; miss; graphic; adventures; presents
840	superman; preview; exclusive; man; origin
841	lantern; universe; preview; red
842	preview; talks; watchmen
843	superman; justice; league; read; wonder; happened
844	dc; comics; digital; spotlight; team
845	digital
846	preview; issue; read; aquaman; mtv
847	fans
848	dc; comics; digital
849	preview; exclusive; issue; story
850	dc; read; woman; fans; wonder; graphic
851	dc; comics; universe; justice; green; league; digital; source; woman; wonder; young; presents; download; red
852	superman; justice; league; digital; spotlight; team
853	dc; team
854	justice; league; series; johns; geoff; talks; aquaman
855	batman; dark; knight; favorite
856	dc; comics
857	batman; writer; talks; video; beyond
858	dc; comics; releases; tomorrow
859	read; spotlight
860	green; week; book; best
861	exclusive; series; artist; cover
862	justice; league; johns; geoff
863	justice; preview; league; exclusive; team; young
864	justice; league; exclusive; cover
865	dc; comics; earth; best; graphic; york
866	comics; batman; book; best; graphic
867	batman; spotlight; collection; graphic; pick
868	book; writer; family
869	superman; justice; preview; league; team
870	check; york; photos
871	titles; aquaman; graphic; york
872	dc; comics; universe; digital; writer; heroes; spotlight; johns; team; geoff; collection; titans; teen
873	dc; comics; week; titles; news; including
874	dc; win; best; enter
875	dc; green; check; titans; miss; young; teen; nation
876	issue
877	read; ign; review; action
878	dc; green; check; titans; miss; young; teen; nation
879	ign; review; battle
880	team
881	justice; book; writer; artist; talks; action; coming; resources
882	batman; exclusive; dark; knight; watch; available; trailer
883	lantern; green; read
884	dc; comics; lantern; universe; justice; league; digital; source; dark; knight; series; flash; woman; gotham; robin; titles; beyond; adventures; arkham; pick
885	batman; digital; issue; spotlight; gotham; city; arkham
886	green; arrow; talks; world
887	green; book; series; talks; resources
888	
889	comics; artist; cover; featuring; action
890	dc; win; enter; favorite
891	dc; comics; digital; titles; available
892	preview; exclusive
893	batman; talks
894	dc; featuring; action; best
895	digital; spotlight; family
896	check; releases
897	heroes
898	dc; comics; green; preview; arrow; wonder; featuring; watch; aquaman; miss
899	dc; comics; lantern; universe; justice; series; city; robin; featuring; game; arkham; tp
900	batman; digital; check; gotham; fans; tomorrow
901	dc; comics; news
902	batman; spotlight; family
903	preview
904	dc; justice; green; league; entertainment; america; aquaman
905	check
906	superman; man; spotlight; graphic; young; pick; steel
907	dc; comics; young; favorite
908	lantern; universe; green; happened; group
909	dc; man; woman; wonder; coming; beyond; young; group; steel
910	series; watchmen; coming; group
911	justice; robin; happened; titans; young; teen; group; red
912	team; coming; group
913	dark; family; coming; group
914	batman; dark; knight; gotham; city; store; family; group
915	comics; superman; team; action; group
916	justice; league; story; america; aquaman; group
917	comics; digital; series; read; spotlight
918	ign; review; swamp
919	ign; review; best
920	justice; league; dark; read; man; ign; animal; review
921	dc; comics; download; favorite
922	dc; comics; news
923	comics; superman; read; action
924	batman; favorite
925	dark; knight; available
926	dc; book; read; heroes; entertainment; york
927	justice; league; exclusive; issue; cover; america; york; pick
928	dc; comics; lantern; league; digital; dark; knight; arrow; man; flash; woman; gotham; beyond; available; adventures; arkham
929	preview; book; flash; collection; art; including
930	book; series; writer; year
931	dc; issue; series; entertainment
932	exclusive
933	comics; issue; available
934	green; writer; read; man; animal
935	lantern; justice; green; league; digital; read; spotlight
936	dc; comics; lantern; digital; source; arrow; read; man; check
937	book; flash; collection; art
938	series; man; news; art
939	green; book; read; talks; resources
940	dc; universe; book; check; resources
941	preview; arrow; download
942	heroes
943	dc; book; today; collection
944	spotlight; watchmen
945	comics; lantern; dark; knight; arrow; man; heroes; woman; releases; earth; super; art; tp; favorite; nation
946	dc; digital; book; today; read; store; entertainment; available; download; favorite
947	dc; comics; digital; read; releases; featuring; graphic; pick
948	preview; issue; earth
949	dc; comics; cover; mtv
950	exclusive; cover
951	spotlight; flash; city; graphic
952	dc; justice; league; exclusive; series; writer; america
953	dc; comics; superman; universe; read; action; world
954	lantern; green; preview; book; resources
955	green; arrow; mtv
956	justice; league; johns; geoff; america; mtv
957	green; preview; issue; arrow
958	comics; justice; digital; spotlight
959	dc; comics; digital; today; series; miss
960	comics; action
961	dc; justice; green; league; series; america; mtv
962	read; story; ign; review; swamp; annual
963	justice; league; dark; read; check; ign; review; annual
964	comics; aquaman; best; annual
965	issue; book; check; gotham; review; resources
966	dc; comics; writer; artist; world
967	digital; spotlight; family
968	batman; best
969	superman; man; earth; steel
970	book; earth; win; enter
971	dc; comics; batman; lantern; superman; justice; green; today; heroes; flash; woman; wonder; featuring; watch; action; beyond; game; download; trailer; red
972	dark; series; news; coming
973	justice; league; issue; dark; annual
974	dc; comics; superman; digital; source; family; available; adventures
975	dc; comics; batman; game; gods
976	digital; read; gotham; robin
977	superman; preview; exclusive; issue; family; earth; adventures
978	batman; preview; gotham; download
979	dc; batman; lantern; justice; green; league; flash; entertainment; america; aquaman
980	dc; comics; exclusive; arrow; coming
981	dc; comics; releases
982	comics; spotlight; action; annual
983	dc; comics; titles; download; including
984	best; world
985	dc; comics; read; annual
986	dc; book; watch; video
987	digital; series; heroes; artist; gotham
988	preview; exclusive; issue; presents
989	spotlight; gotham; city; graphic
990	dc; comics; action; annual
991	watchmen; graphic; novel
992	dc; comics; preview; swamp; annual
993	
994	comics; justice; digital; series; spotlight
995	swamp; annual
996	dc; comics; batman; digital; issue; writer; miss; beyond; jim
997	dc; comics
998	dc; comics; digital; source; read; check
999	comics; story; ign; review
1000	check
1001	justice; league; dark; ign; review
1002	justice; league; issue; dark; pick
1003	book
1004	justice; league; dark
1005	dc; comics; annual
1006	dc; comics; entertainment; lee; year; jim; including
1007	team; best
1008	gotham
1009	superman; digital; man; spotlight; steel
1010	dc; comics; league; digital; dark; knight; titles; titans; available
1011	dc; comics; justice; league; dark; read; story; coming; annual
1012	dc; comics; superman; justice; league; writer; artist; johns; woman; geoff; wonder; aquaman; coming
1013	dc; comics
1014	writer; team; talks; annual
1015	dc; team; action
1016	team; origin
1017	justice; league; exclusive; book; cover; resources
1018	preview; issue; man; earth; steel
1019	preview; digital; arrow; download
1020	dc; comics; world
1021	issue; spotlight; gotham; city
1022	dc; comics; league; book; dark; knight; check; flash; releases; titans; origin
1023	dc; superman; universe; book; lee; resources; jim
1024	heroes
1025	dc; lantern; justice; green; photos
1026	book; win; enter
1027	batman; wonder; york; favorite
1028	spotlight; story; graphic; york
1029	dc; comics; superman; entertainment; watch; lee; jim
1030	featuring; video
1031	preview; issue; writer; artist; action
1032	batman; video; york
1033	dc; green; arrow; team
1034	batman; book; dark; knight; resources
1035	family
1036	comics; digital; spotlight; woman; wonder; origin
1037	preview; issue; wonder; titans; teen
1038	dc; universe; writer; artist; talks; presents
1039	dc; ign; injustice; gods
1040	win; miss; enter
1041	dc; comics; heroes; talks; watch; video
1042	justice; league; ign; review
1043	justice; league; best; including
1044	check; releases; best
1045	justice; league; issue; happened
1046	johns; geoff; video; york; mtv
1047	dc; comics; favorite
1048	dc; comics; batman; geoff; watch; video
1049	justice; green; league; arrow; read
1050	superman; digital; spotlight
1051	dc; comics; digital; check; titles; arkham
1052	gotham; family; watch; video; coming; york
1053	superman
1054	dc; batman; check; store; graphic; available
1055	dc; check; watch; video
1056	dc; batman; lantern; justice; green; photos
1057	heroes; geoff; news; jim; york; favorite
1058	digital; series; writer; spotlight; cover; origin
1059	dc; comics; universe; justice; league; digital; today; woman; titles; available; presents
1060	dc; best; super; favorite; nation
1061	dc; comics; justice; league; heroes; action; available; super; favorite
1062	green; arrow; game; gods
1063	justice; preview; young; adventures
1064	comics; story; action
1065	today; win
1066	arrow; check; coming; york; trailer
1067	arrow; check; coming; york; trailer
1068	talks; fans; york
1069	justice; league; read; spotlight; world
1070	comics; releases
1071	blog; arrow; johns; geoff; talks; york
1072	superman; preview; issue; man; steel
1073	dc; comics; releases
1074	dc; today; heroes; entertainment
1075	dc; issue; coming
1076	arrow; watch; york
1077	spotlight; graphic; novel
1078	justice; green; league; johns; geoff; talks; america; video; york
1079	dc; universe; preview; exclusive; issue; presents
1080	watchmen; group
1081	dc; batman; beyond; group
1082	justice; family; young; teen; group
1083	dc; heroes; entertainment; world; tomorrow
1084	green; annual; group; origin
1085	dark; man; animal; swamp; group
1086	lantern; green; story; store; annual; group
1087	preview; origin
1088	batman; family; group
1089	comics; batman; digital; dark; knight; spotlight; gotham; young; adventures
1090	dc; comics; check; video; jim; favorite
1091	superman; justice; man; earth; group; steel
1092	justice; league; woman; wonder; earth; battle; coming; group
1093	geoff; best; jim; super; favorite
1094	woman; wonder
1095	writer; artist; johns; team; geoff; aquaman
1096	dc; batman; check; gotham; miss
1097	dc
1098	johns; geoff; jim; york; including
1099	exclusive; check; best; york
1100	superman; check; jim
1101	dc; justice; league; check
1102	dc; comics
1103	york
1104	dc; justice; heroes; team; entertainment; america; news
1105	dc; comics; york; favorite
1106	batman; read; happened
1107	today; coming; york
1108	dc; exclusive; series; writer
1109	batman; heroes; check; talks; featuring; video; jim
1110	dc; comics; superman; green; wonder; featuring; watch; aquaman; happened; lee; jim; york
1111	dc; comics; check; watchmen
1112	digital; issue; arrow; spotlight; world; art
1113	lantern; green; check
1114	best; miss; york
1115	today; york
1116	batman; check; lee; jim; york; photos
1117	comics; green; book; arrow; coming
1118	batman; lee; jim
1119	superman; york; photos
1120	dc; team; york; photos
1121	dc; best; york
1122	lantern; green; digital; spotlight
1123	batman; lantern; green; coming; year
1124	dc; comics; source; blog; writer; news; action
1125	york
1126	action; miss; graphic; york
1127	dc; comics; check; year; favorite
1128	green; arrow; gods
1129	dc; comics; batman; lantern; league; digital; dark; series; read; woman; wonder; robin; featuring; collection; graphic; arkham; tp
1130	batman; preview; gotham; robin; photos
1131	digital; exclusive; cover; store; coming
1132	dc; exclusive; artist; cover
1133	comics; exclusive; issue; cover; lee; jim; art
1134	dc; comics; battle; york; favorite
1135	spotlight; returns; gotham; city; graphic
1136	photos
1137	lantern; green; photos
1138	comics; batman; digital; spotlight; robin; collection; available
1139	heroes; collection; lee; jim; super; art
1140	dc; ign; review; swamp
1141	book; read; review; earth
1142	man; ign; animal; review
1143	book
1144	read; earth; happened; pick
1145	justice; league; digital; spotlight; battle; beyond
1146	watch; video; coming; york
1147	dc; comics; lantern; league; digital; dark; knight; arrow; man; flash; woman; gotham; titles; action; titans; beyond; year; adventures; teen; arkham; annual
1148	batman; digital; dark; knight; returns; featuring; video; enter
1149	today
1150	batman
1151	digital; issue; spotlight
1152	dc; comics; digital
1153	photos
1154	dc; exclusive; book; team; cover; talks; miss; resources; jim
1155	exclusive; team; york
1156	dc; week; action; best
1157	talks
1158	man; animal; win; super
1159	dc; justice; book; heroes; ign; team; entertainment; america
1160	comics; writer; spotlight; story
1161	comics; lantern; league; dark; knight; arrow; man; titles
1162	dc; comics; lantern; green; dark; knight; releases
1163	man; story; animal; swamp; tomorrow
1164	lantern; green; preview; action
1165	dark; knight; spotlight; graphic
1166	comics; issue; writer; story
1167	writer; artist; team; art
1168	comics; justice; book; releases; available; york; world
1169	preview; man; ign; animal; available; swamp
1170	dc; blog; read; heroes
1171	green; preview; flash; earth
1172	comics; green; digital; arrow; spotlight; city; super
1173	exclusive; series; family; featuring
1174	dc; comics; series; writer; heroes; news; action
1175	dc; universe; digital; dark; knight; returns; featuring; win; video; young; enter
1176	universe; preview; book; resources
1177	flash; family; miss
1178	dc; preview
1179	green; preview; book; resources; swamp
1180	batman; superman; digital; dark; knight; man; spotlight
1181	dc; justice; green; series; returns; best; super; young; tomorrow; photos; nation; including
1182	exclusive; group
1183	batman; digital; dark; knight; returns; featuring; video
1184	dc; nation
1185	preview; issue; book
1186	digital; spotlight
1187	dc; comics; digital
1188	dc; justice; league; ign; wonder; york
1189	dc; week; today; fans; news; photos
1190	
1191	exclusive; artist; check; earth; art
1192	exclusive
1193	week; series; artist; win; favorite
1194	dc; comics; lantern; green; league; dark; knight; releases; family; titans; adventures; tp
1195	dc; comics; lantern; universe; justice; league; woman; releases; beyond; presents; tomorrow
1196	exclusive; cover; available
1197	batman; justice; preview; book; resources
1198	exclusive
1199	dc; preview; exclusive; issue; aquaman
1200	dark; knight; family; robin
1201	preview; exclusive; issue; man
1202	spotlight; flash; graphic
1203	
1204	preview; exclusive; family; red
1205	dc; comics; preview; exclusive; series
1206	preview; week; exclusive; flash; fans; origin
1207	superman; preview; issue
1208	dc; book; man; animal; resources; year
1209	preview; ign
1210	preview
1211	comics; superman; digital; spotlight
1212	superman; justice; league; cover; woman; wonder; lee; jim
1213	ign; review; miss
1214	justice; league; book
1215	issue; book; story; origin
1216	artist; ign; review
1217	book; review; miss; resources
1218	justice; league; ign; johns; geoff; review
1219	dc; justice; league
1220	issue; artist; check; featuring; pick
1221	dark; today; knight; story; returns; watch; available; download; trailer
1222	
1223	digital; dark; today; knight; read; spotlight
1224	dc; comics; universe; justice; league; digital; source; dark; knight; check; flash; woman; gotham; titans; beyond; year; adventures; teen; presents; arkham; tomorrow; annual
1225	preview; book; story; robin; titans; teen; origin; red
1226	preview; exclusive; issue
1227	batman; digital; dark; knight; returns; featuring; video; enter
1228	preview; issue
1229	justice; league
1230	batman; dark; knight; watch
1231	writer; artist; coming
1232	dc; digital; spotlight
1233	dc; comics; lantern; universe; green; digital; source; series; woman; wonder; titles; available; presents; red
1234	preview; exclusive; issue
1235	justice; preview; league; exclusive; dark; read; titles; york
1236	series; artist; talks; art
1237	dark; knight; returns; entertainment
1238	dc; justice; league; today; heroes; entertainment
1239	comics; source; writer; artist; favorite
1240	dc; week; today
1241	comics; lantern; universe; justice; league; check; woman; beyond; presents; tomorrow; including
1242	dc; comics; justice; league; book; woman; releases; store; wonder
1243	dc; exclusive
1244	batman; digital; dark; knight; returns; featuring; video; enter
1245	releases; watchmen
1246	dark; knight; returns; win; enter; tomorrow; trailer
1247	robin; titans; teen; red
1248	comics; preview; issue; writer; team
1249	preview; exclusive; issue; story; woman; wonder
1250	preview; writer; read
1251	justice; league; exclusive; cover
1252	week; dark; knight; returns; download
1253	dc; universe; preview; exclusive; issue; presents
1254	spotlight; graphic; world
1255	preview; earth; origin
1256	preview; exclusive; issue
1257	dark; knight
1258	dc; comics; universe; digital; series; heroes; spotlight; geoff; collection
1259	preview; issue; book
1260	dc; week; issue; series; writer
1261	justice; league; today; aquaman
1262	preview; book; resources
1263	green; preview; exclusive; team; titles
1264	preview; exclusive; story; origin
1265	book; resources; art
1266	dc; universe; issue; book; series; writer; team
1267	issue; read; ign; review
1268	book; origin
1269	book; man; resources
1270	book; read; team; resources; group
1271	comics; book; family; best
1272	batman; writer; artist; story
1273	dc; comics; universe; digital; today; series
1274	digital; spotlight; action
1275	dc; comics; lantern; universe; league; digital; source; dark; knight; series; read; man; flash; woman; robin; titles; titans; beyond; available; teen; arkham; tomorrow
1276	issue; series; artist; check; cover; entertainment; art
1277	preview; exclusive
1278	dc; comics; book; resources
1279	story; animal; talks; swamp
1280	dc; year; gods
1281	digital; spotlight
1282	dc; comics; lantern; digital; man; robin; titles; available
1283	batman; justice; league; story; johns; geoff
1284	dc; comics; issue; writer; read; artist; check; cover; coming
1285	league; graphic; download
1286	issue; artist; cover; news; lee; jim
1287	dc; heroes; battle; game; gods
1288	dc; week; read; origin
1289	check; cover
1290	blog; heroes
1291	win; super; enter
1292	batman; spotlight
1293	dc; comics; lantern; universe; green; book; series; man; team; city; robin; arkham; tp
1294	green; preview; exclusive; series
1295	dc; comics; batman; green; featuring
1296	batman; exclusive; cover
1297	writer; store
1298	dc; comics; digital; series; spotlight; collection
1299	exclusive; cover
1300	batman; check; beyond
1301	preview; exclusive; issue; writer; read; man; store; family; origin
1302	universe; preview; series; writer; read
1303	batman; preview; book; robin; featuring; resources
1304	lantern; green; preview; issue; ign; store; tomorrow
1305	preview
1306	book; heroes; titans; young; teen
1307	artist; cover; best
1308	comics; universe; digital; spotlight; collection
1309	dc; comics; preview; exclusive; dark; story
1310	book; writer; returns; geoff; win; aquaman; world; enter
1311	dc; universe; preview; book
1312	batman; jim; young
1313	dc; comics; win; enter
1314	preview; exclusive; issue
1315	preview; issue; origin
1316	dc; preview; issue; origin
1317	book; series; earth
1318	read; ign; review; swamp
1319	read; man; ign; animal; review
1320	read; ign; review
1321	issue; book; review; happened; swamp
1322	book; read; review; resources
1323	book; read; story; fans
1324	book; man; animal; origin; red
1325	preview; exclusive; man
1326	dc; heroes; entertainment
1327	dc; comics; green; johns; geoff
1328	batman; city; miss
1329	justice; league; digital; issue; spotlight; battle; beyond
1330	dc; comics; lantern; league; digital; dark; knight; arrow; read; man; flash; woman; titles; titans; beyond; teen; arkham; tomorrow; pick
1331	dc; comics; green; johns; geoff
1332	preview; exclusive; issue
1333	book; writer; geoff; aquaman; world; enter
1334	read; talks; earth
1335	dc; comics; heroes; super
1336	dc; comics; win; enter
1337	book; heroes; titans; young; teen
1338	dc; justice; league; artist; cover; featuring; win; enter; favorite
1339	digital; spotlight; woman; wonder; earth; action; origin
1340	dc; comics; league; digital; arrow; man; titles; action; available
1341	lantern; green; issue; today; writer; artist; johns; geoff; news; including
1342	dc; week; source; team; action; coming
1343	dc; today; heroes
1344	issue; writer; news
1345	dc; comics; week; check
1346	dc; comics; win; action; enter
1347	dc; lantern; green; today; check; story; fans
1348	issue; book; win; collection; enter
1349	lantern; green; issue; spotlight; origin
1350	dc; week; issue
1351	dc; comics; lantern; green; aquaman
1352	comics; exclusive; action
1353	comics; preview; read
1354	superman; wonder; news
1355	dc; preview; gods; trailer
1356	writer; store; talks
1357	book
1358	dc; book; today; story; entertainment
1359	dc; comics; issue; book; entertainment; watchmen; year
1360	dc; comics; green
1361	dc; comics; justice; league; book; dark; animal; titles; news; action
1362	dc; comics; source; entertainment; fans; video; best; lee; jim; tomorrow
1363	photos
1364	dc; batman; read; heroes; review; best; game; super
1365	dc; justice; entertainment; young
1366	superman; today; entertainment; titles; available
1367	superman; enter
1368	batman; dark; knight
1369	batman; talks; watch; beyond
1370	comics; artist; check
1371	dc; exclusive; flash; cover; entertainment
1372	batman; preview; issue; dark; knight; writer; read
1373	photos
1374	read; graphic; mtv; novel
1375	dc; justice; league; artist; entertainment; lee; game; jim
1376	dc; comics; batman; green; digital; today; read; cover; wonder; featuring; aquaman; graphic; art
1377	dc; exclusive; cover; entertainment
1378	batman; spotlight; team; robin
1379	batman; book; dark; johns; geoff; earth; available; origin
1380	green; preview; book; coming; resources; pick
1381	batman; exclusive; johns; geoff; talks; earth; coming; mtv
1382	dc; issue
1383	dc; book; writer; talks; news; resources
1384	preview; exclusive; writer; titans; teen; download
1385	dc; justice; preview; league; dark; team; entertainment
1386	dc; universe; series; johns; returns; geoff; york
1387	dc; preview; book; story; gotham; city; battle
1388	batman; spotlight; team; robin
1389	writer; story; coming; origin
1390	dc; comics; book; read; review; fans; world; red
1391	preview; series
1392	preview; digital; exclusive; aquaman; mtv
1393	dc; superman; preview; exclusive; issue; man; check; steel
1394	universe; digital; book; today; news; download
1395	dc; universe; read; ign; review; presents
1396	heroes; including
1397	dc; comics; green; series; wonder; featuring; watch; aquaman; young
1398	preview; book; spotlight; check; gotham; pick
1399	batman; justice; week; news; best; beyond; young
1400	dc; comics; batman; week; dark; knight; read; fans; news; miss
1401	photos
1402	preview; exclusive; store; photos
1403	batman; exclusive; dark; knight; gotham; city; coming; trailer
1404	dc; digital; issue; entertainment; watchmen; watch; available; download
1405	heroes; cover; video; miss; photos
1406	superman; preview; exclusive; check; fans; earth; photos
1407	dc; comics; digital; titles; graphic
1408	dc; comics; lantern; digital; dark; knight; series; man; releases; robin; battle; miss; beyond; super; arkham; favorite
1409	dc; comics; league; digital; dark; knight; flash; releases; titans; beyond; arkham; pick; origin
1410	dc; city; entertainment
1411	bit; comics; york
1412	check; cover; watchmen; lee; jim; photos
1413	book; read; artist; earth; resources
1414	dc; comics; superman; read; store; watch; download; favorite
1415	dc; comics; justice; league; digital; city; talks; coming; beyond; arkham; including
1416	superman; justice; watch; miss; available; download; trailer
1417	city; featuring; arkham
1418	superman; preview; digital; issue; today; check; ign; store; download
1419	dc; universe; justice; digital; video; available; download
1420	dc; comics; green; exclusive; coming; nation
1421	check; gotham; city; game; trailer
1422	source; watchmen
1423	dc; comics; universe; league; dark; knight; man; heroes; johns; team; flash; woman; gotham; geoff; wonder; watch; action; titans; super; teen; origin
1424	read; ign; review; best
1425	book; dark; knight; gotham; win; enter
1426	batman; dark; knight; trailer
1427	batman; today; gotham; city; battle; arkham; trailer
1428	batman; city; watch; available; arkham; trailer
1429	dc; comics; source; blog; archive; series; flash
1430	lantern; green; preview; digital; issue; store; download; red
1431	woman; titans
1432	dc; comics; exclusive; series; check; available
1433	dc; coming
1434	dc; comics; check; releases
1435	lantern; green; preview
1436	dc; justice; preview; league; exclusive; source; book; blog; archive; heroes; team; woman; wonder; aquaman; lee; miss; jim
1437	dc; comics; read; releases
1438	dc; preview; check; entertainment; video; coming; nation
1439	dc; comics; preview; today; flash; photos
1440	series
1441	dc; comics; green; spotlight; geoff; video; coming; graphic; novel; art
1442	dc; justice; entertainment; york; mtv
1443	lantern; green; preview; exclusive
1444	read; review
1445	batman; city; watch; arkham; trailer
1446	dc; comics; week; ign; watch; action; swamp; including
1447	superman; photos
1448	dc; justice; league; source; dark; story; team
1449	dc; comics; source
1450	dc; batman; justice; source; dark; writer; titles; young
1451	dc; comics; dccomics
1452	dc; source
1453	
1454	comics; digital; flash; photos
1455	dc; justice; league; source; dark; animal; swamp; art
1456	dc; comics; universe; source; today; check; teen; art; including
1457	lantern; green; check
1458	dc; comics; superman; justice; league; source; blog; archive; spotlight; entertainment
1459	dc; justice; league; source; blog; archive; today; johns; geoff; art; group
1460	dc; comics; exclusive; source; blog; archive; today; read; check; news
1461	dc; preview; source; blog; archive; today; entertainment
1462	dc; preview; source; entertainment
1463	dc; source; blog; archive; entertainment; jim; favorite
1464	superman
1465	dc; comics; superman; source; man; tomorrow
1466	dc; comics; superman; man; steel
1467	series
1468	dc
1469	
1470	book; entertainment; news; resources; art
1471	dc; book; cover; entertainment; news; resources
1472	dc; comics; justice; league; cover
1473	dc; comics; fans
1474	dc; comics; book; series; writer; talks; resources
1475	comics; city; titans; york; teen
1476	batman; justice; check; including; red
1477	dark; knight; fans
1478	dark; knight; gotham; city
1479	batman; blog; world; mtv
1480	dc; superman; flash
1481	dc; superman; man; talks; steel
1482	dc; universe; week
1483	dc; comics
1484	dc; comics
1485	earth
1486	dc; book; cover; entertainment; news; resources
1487	dc; comics
1488	video; game
1489	dc; comics; check; news; miss
1490	watch; year; mtv; trailer
1491	johns; geoff; review
1492	swamp
1493	dc; releases; fans
1494	read; graphic; novel
1495	dc; universe
1496	book; writer; artist; news; resources
1497	dc; comics
1498	source; review; best; swamp
1499	preview; exclusive; issue; johns; geoff
1500	art; including
1501	dc; green; arrow; cover; review
1502	dc; comics
1503	dc; comics; artist; talks
1504	book; writer; resources
1505	lantern; green; watch; video
1506	dc; book; blog; archive; group; favorite
1507	dc; book; resources; swamp
1508	story
1509	dc; comics
1510	news; coming
1511	dc; comics; man
1512	book; story; news; resources; game
1513	dc; universe; writer; presents
1514	dc; comics
1515	
1516	dc; comics; book; entertainment; news; resources
1517	dc; universe; book; series; writer; flash; family; resources; teen
1518	dc; writer; talks
1519	dc; comics
1520	comics
1521	dc; comics; writer
1522	comics; book; city; york
1523	flash; city; york
1524	dc; lantern; green; book; entertainment; news; resources
1525	lantern; green; store
1526	superman
1527	superman
1528	dc; lantern; universe; green; read; adventures
1529	dc
1530	dc; preview; exclusive; check
1531	lantern; green
1532	lantern; green
1533	lantern; green; read; check; watch
1534	
1535	entertainment
1536	superman; man; steel; red
1537	dc; store; enter
1538	batman; book; talks; titles; best; lee; jim
1539	dc; universe; watch; trailer
1540	dc; comics; preview; exclusive; lee; jim; young; teen
1541	lantern; green; available
1542	lantern; green; check; win
1543	dc; comics; exclusive; featuring; swamp
1544	
1545	city; arkham
1546	dc; comics; johns; geoff; jim; annual
1547	dc; comics; justice; league; digital; issue; source; book; blog; archive; writer; artist; johns; geoff; entertainment; jim; york
1548	city; arkham; trailer
1549	dc; comics; book; fans
1550	dc; source; blog; archive; artist
1551	dc; comics; geoff; lee; jim
1552	dc; comics; source; blog; archive; news
1553	dc; comics; universe; titles
1554	dc; lantern; green; check; video
1555	superman; returns
1556	dc; source; book; blog; dark; archive; knight; man; artist; story; wonder; super
1557	dc; lantern; green; digital; source; blog; archive
1558	exclusive; city; arkham
1559	dc; lantern; green; source; blog; archive; trailer
1560	dc; batman; exclusive; woman; wonder
1561	dc; superman; source; book; blog; archive; johns; geoff; lee; jim
1562	comics; dark; knight; pick
1563	lantern; green
1564	superman; check
1565	superman
1566	dc; green; source; blog; archive; fans
1567	dc; source; blog; archive; check
1568	batman; universe; book; gotham; city; resources
1569	fans; arkham
1570	lantern; green; featuring
1571	comics; series; pick
1572	book; heroes; ign; favorite
1573	series; fans
1574	series; coming
1575	book; johns; geoff
1576	available
1577	book; today; world
1578	superman
1579	justice; book; resources; young; swamp; including
1580	dc; justice; source; blog; archive; series; team; fans; super; young; adventures
1581	lee; jim; york
1582	dc; lantern; green; source; blog; archive
1583	dc; comics; preview; exclusive; book; today; johns; flash; geoff
1584	dc; lantern; green; source; book; blog; archive
1585	comics; book; fans; video
1586	book; america; miss; year; world
1587	superman; story
1588	dc; book; series; heroes
1589	photos
1590	photos
1591	photos
1592	blog; titans; mtv; teen
1593	dc; lantern; green; source; book; blog; archive; writer; johns; flash; geoff
1594	dc; universe; man; steel
1595	comics; pick
1596	comics; superman; week; book; story; action
1597	dc; blog; series; mtv
1598	lantern; green; series; johns; geoff; talks; aquaman
1599	dc; exclusive; source; book; blog; archive; read; cover
1600	dc; digital; source; blog; archive; series; geoff; available
1601	comics; digital; download
1602	
1603	comics; superman; action; super
1604	dc; comics; superman; source; blog; archive; action; battle
1605	comics; pick
1606	dc; comics; source; blog; fans; coming
1607	batman; city; arkham
1608	comics; woman; wonder; pick
1609	dc; book; entertainment; year
1610	batman; blog; check; year; mtv
1611	dc; book; woman; wonder; world
1612	dc; book; news; best; york; novel
1613	dc; batman; heroes; beyond
1614	dc; universe; win; enter
1615	dc; comics; exclusive; fans; video
1616	green; exclusive; check; trailer
1617	dark; knight; watch
1618	dc; superman; source; blog; archive; today; man
1619	book; news; best; york
1620	dc; source; cover; news; art
1621	dc; comics; source; blog; archive; team
1622	comics; fans; video; pick
1623	source; book; city; video; game; arkham
1624	dc; comics
1625	dc; source; blog; archive; wonder
1626	lantern; universe; green; check
1627	dc; comics; news; pick
1628	young
1629	universe; video; coming; game
1630	superman; exclusive; check; year; trailer
1631	dc; comics; batman; justice; talks
1632	dc; comics; spotlight
1633	superman; exclusive; news
1634	
1635	comics; dark; knight; pick
1636	source
1637	dc; exclusive; series; coming; york; nation
1638	check; available; download
1639	dc; universe; including
1640	batman; superman
1641	dc; justice; issue; source; blog; archive; america; including
1642	comics; superman; pick
1643	dc; source; blog; archive; check; entertainment; annual; nation
1644	dc; source; blog; archive; woman; wonder
1645	dc; comics; green; digital; arrow
1646	batman
1647	city; game; arkham
1648	dc; lantern; universe; green; digital; exclusive; source; blog; archive; heroes; super
1649	dc; comics; digital; source; book; blog; archive; entertainment
1650	dc; comics; store; action
1651	
1652	dc; comics; superman; digital; issue; today; action; tomorrow
1653	dc; superman; source; blog; archive; today
1654	dc; comics; digital; book; jim; art; download
1655	superman; man; check; available; steel
1656	dc; comics; source; blog; archive; writer; family; world
1657	book; ign; store
1658	dc; source; blog; archive; series; woman; wonder; news
1659	green; watch
1660	dc; superman; universe; series; check
1661	dc; issue; source; blog; archive; artist
1662	dc; source; book; blog; archive; city; video; happened; game; world; arkham
1663	dc; check; game; trailer
1664	dc; comics; universe; cover; game; art
1665	dc; comics; superman; green; fans; wonder; action; beyond
1666	dc; comics; universe; week
1667	dc; comics; digital; source; blog; archive; titles
1668	comics; justice; young
1669	comics; week; issue; spotlight; titans; teen
1670	dc; comics; digital; win; jim
1671	
1672	justice
1673	dc; today; game
1674	dc; universe; game; world
1675	dc; comics; read; store; download
1676	dc; source; blog; archive; year; nation
1677	dc; comics; batman; digital; available
1678	dc; comics; digital; read; store; download
1679	dc; week; game; nation
1680	dc; comics; story; watch; video; trailer
1681	dc; comics; book; series; check; ign; best; graphic; nation
1682	dc; comics; batman; superman; book; check; woman; wonder; art
1683	dc; universe
1684	
1685	dc; comics; universe; series
1686	city; video; game; arkham
1687	dc; comics; source; blog; archive; team; entertainment
1688	dc; comics; issue; source; blog; archive; writer; read; cover
1689	dc; source; blog; archive; artist; featuring
1690	talks
1691	preview; exclusive
1692	dc; source; blog; archive
1693	lantern; universe; green
1694	dc; batman; source; blog; archive; returns
1695	dc; green; source; blog; archive
1696	dc; comics; digital
1697	dc; universe; exclusive
1698	earth; graphic; york
1699	earth
1700	dc; comics; week; digital; source; book; blog; archive; store; news; year
1701	comics; exclusive; book; series; graphic; novel
1702	dc; comics; batman; book; robin
1703	batman
1704	batman; issue; read; talks; robin
1705	dc; batman; source; blog; archive; writer; spotlight; talks; robin
1706	dc; comics; read; store; download
1707	dc; batman; source; blog; archive; artist; robin
1708	dc; source; blog; archive; writer; artist; cover
1709	exclusive; earth
1710	superman; week; book; coming; world
1711	superman
1712	superman; earth; origin
1713	book; writer; man; earth; resources; super; steel; red
1714	man; story; earth; origin; steel
1715	earth
1716	exclusive; earth
1717	superman; earth; york
1718	dc; comics; source; blog; archive; action
1719	comics; superman; earth
1720	dc; issue; source; blog; archive; knight; writer; artist; check; city
1721	dc; batman; issue; source; blog; dark; archive; featuring; news; art
1722	dc; comics; source; book; blog; archive; today; titles; lee; jim
1723	dc; source; blog; archive
1724	dc; lantern; green; source; book; blog; archive; origin
1725	dc; preview; source; blog; archive; titans; teen
1726	dc; batman; source; blog; archive; series; writer; artist; fans; beyond
1727	dc; batman; source; blog; dark; archive; fans; lee; jim
1728	dc; universe; source; book; blog; archive; today; artist; news; super
1729	dc; source; blog; archive; lee
1730	dc; comics; source; blog; archive; writer; artist; action
1731	dc; lantern; source; blog; archive; heroes; including
1732	dc; comics; batman; source; blog; archive; artist; cover; adventures
1733	dc; source; blog; archive; series; family; video; game; trailer
1734	dc; batman; issue; source; blog; archive; robin; art
1735	dc; batman; lantern; green; source; blog; archive; writer; team; robin; news
1736	dc; source; blog; archive; writer; artist; story; wonder; earth
1737	dc; source; blog; archive; artist; city
1738	batman; series; gotham; wonder
1739	dc; batman; source; blog; archive; gotham; york
1740	dc; batman; source; blog; archive; knight; heroes; city
1741	dc; source; blog; archive; writer; artist; team; titans; teen
1742	dc; superman; source; blog; archive
1743	dc; source; blog; archive; news
1744	dc; source; blog; dark; archive; writer; artist; news; adventures
1745	dc; comics; week; source; blog; archive; series; read; news; adventures
1746	dc; batman; week; source; blog; dark; archive; knight; series; writer; artist
1747	dc; batman; source; blog; dark; archive; knight; writer; artist; talks
1748	dc; superman; source; blog; archive; man; america; steel
1749	dc; source; blog; archive; video; game
1750	dc; comics; check; entertainment; graphic; trailer; red
1751	dc; lantern; green; source; blog; archive
1752	dc; source; blog; archive; city; news; titans
1753	dc; green; week; exclusive; source; blog; archive; news
1754	dc; batman; lantern; green; source; blog; archive; team
1755	dc; superman; source; blog; archive; today; writer; man; artist; america; steel
1756	dc; comics; source; blog; archive
1757	dc; source; blog; dark; archive; knight; artist; cover; fans; news; action
1758	dc; comics; source; blog; archive; cover; action
1759	dc; issue; source; blog; archive; writer; woman; wonder; news; lee; jim
1760	dc; source; blog; archive; year
1761	dc; wonder
1762	dc; comics; source; blog; archive; writer; artist; wonder; lee; jim; york
1763	dc; superman; source; blog; archive; beyond
1764	dc; comics; superman; digital; source; blog; archive
1765	dc; comics; source; blog; archive; today; writer; man; news; presents
1766	dc; superman; source; blog; archive; read; cover; collection
1767	dc; superman; source; blog; archive; writer; artist; cover
1768	dc; batman; superman; week; issue; source; blog; archive; news
1769	dc; source; blog; archive; series; writer; artist; johns; geoff; featuring; including
1770	graphic; young; novel
1771	featuring; graphic; novel
1772	dc; source; blog; archive; lee; jim
1773	dc; source; blog; archive; aquaman; beyond
1774	issue; writer; story
1775	dc; batman; issue; series
1776	batman; gotham; city
1777	dc; batman; source; blog; archive
1778	dc; batman; week; source; blog; dark; archive
1779	dc; superman; week; source; blog; archive; writer; artist; cover
1780	dc; source; blog; dark; archive; knight; arrow; read; man; johns; returns; geoff; steel; red
1781	dc; comics; week; source; blog; archive; news; favorite
1782	dc; source; blog; archive; arrow; red
1783	dc; source; blog; archive; writer; artist; returns; super; adventures
1784	dc; superman; source; book; blog; archive; man; young; steel
1785	dc; issue; source; blog; archive; heroes
1786	dc; comics; source; blog; archive; year
1787	dc; batman; source; blog; archive; artist; cover; robin; featuring
1788	dc; batman; source; blog; archive; writer; artist; robin
1789	dc; batman; source; blog; archive; gotham
1790	dc; batman; source; blog; archive; cover
1791	dc; source; blog; archive; tomorrow
1792	dc; comics; source; book; blog; archive; fans; tomorrow
1793	dc; batman; source; blog; archive; writer; artist; story; robin
1794	dc; batman; issue; source; blog; archive; check; talks; fans; robin; collection
1795	dc; source; blog; archive; today; news
1796	dc; lantern; green; source; blog; archive; writer; artist; johns; geoff
1797	dc; superman; source; blog; archive; read; artist; cover
1798	dc; source; blog; archive; writer; woman; wonder; adventures
1799	dc; source; blog; archive; series; artist; cover; best; art
1800	dc; batman; source; blog; archive; writer; artist
1801	dc; source; blog; archive
1802	dc; week; source; blog; archive; flash; win; nation
1803	dc; batman; superman; source; blog; archive
1804	dc; week; source; blog; archive; writer; johns; flash; geoff; featuring; win
1805	dc; batman; week; source; blog; archive; writer; spotlight; cover; robin
1806	dc; batman; source; blog; archive; series; robin
1807	dc; batman; source; blog; archive; artist; robin; young
1808	dc; source; blog; archive; entertainment
1809	dc; batman; source; book; blog; archive
1810	dc; source; blog; archive
1811	dc; issue; source; blog; archive; favorite
1812	dc; source; blog; archive
1813	dc; comics; source; blog; archive; spotlight; featuring; graphic; favorite
1814	dc; batman; source; blog; archive; series; artist; robin
1815	book; series; read; entertainment
1816	dc; week; source; blog; archive; cover
1817	dc; batman; source; blog; archive; gotham
1818	dc; issue; source; blog; archive; team; action; art
1819	dc; superman; source; blog; archive; woman; wonder
1820	dc; superman; source; blog; archive; writer; man; woman; wonder
1821	dc; source; blog; archive
1822	dc; source; blog; archive; writer; johns; flash; geoff; talks
1823	dc; source; blog; archive; johns; flash; geoff; city; talks
1824	dc; batman; source; blog; dark; archive; knight; writer; artist; wonder; robin
1825	dc; comics; source; blog; archive; read; geoff; lee; jim
1826	dc; issue; source; blog; archive; story; cover
1827	dc; source; blog; archive; flash; city
1828	dc; superman; source; blog; archive
1829	dc; week; source; blog; archive; writer; artist; johns; flash; geoff; coming
1830	dc; comics; source; blog; archive; cover; lee; jim; art; including
1831	dc; lantern; green; source; blog; archive; cover
1832	dc; source; blog; archive; fans; lee; jim
1833	dc; lantern; source; blog; archive; read; collection
1834	dc; comics; source; blog; archive; york
1835	dc; source; blog; archive
1836	dc; source; book; blog; archive; johns; team; geoff; entertainment
1837	dc; bit; source; blog; archive; lee; jim
1838	dc; source; blog; archive; team; including
1839	dc; comics; source; blog; archive; entertainment
1840	dc; issue; source; book; blog; archive; johns; geoff; titans; art
1841	dc; source; blog; archive; writer; artist
1842	dc; batman; source; blog; archive; cover; robin
1843	dc; source; blog; archive; today; news
1844	dc; source; blog; archive
1845	dc; batman; source; blog; archive; titles
1846	dc; source; blog; archive
1847	dc; week; source; blog; archive; cover
1848	dc; batman; source; blog; archive; artist; team; robin
1849	dc; week; source; blog; archive; cover
1850	dc; batman; source; blog; dark; archive; knight; gotham; city
1851	dc; justice; source; blog; archive; team; geoff; presents
1852	dc; batman; issue; source; blog; archive; writer; artist; team; robin
1853	dc; batman; source; blog; archive; robin
1854	dc; superman; source; blog; archive; man
1855	dc; batman; source; blog; archive; cover; robin
1856	dc; source; blog; archive; artist; check; cover; gotham; city
1857	dc; comics; exclusive; source; blog; archive; heroes; geoff
1858	dc; source; blog; archive; cover
1859	dc; source; blog; archive; news
1860	dc; blog; news; nation
1861	dc; comics; source; blog; archive; series; fans; news
1862	dc; comics; source; blog; archive; johns; geoff
1863	dc; lantern; green; source; blog; archive; writer; johns; geoff; york
1864	dc; batman; source; blog; archive; presents
1865	dc; nation
1866	dc; source; blog; archive
1867	dc; source; blog; archive; team; battle
1868	dc; exclusive; source; blog; archive; artist
1869	dc; lantern; green; source; blog; archive
1870	dc; batman; week; source; blog; dark; archive; writer; artist
1871	dc; batman; source; blog; archive; artist; cover; gotham; city
1872	dc; source; blog; archive; city
1873	dc; lantern; green; source; blog; archive
1874	dc; justice; green; source; blog; archive; arrow; red
1875	dc; universe; source; blog; archive; heroes; family
1876	dc; source; blog; archive; flash; art
1877	dc; source; blog; archive; writer; man; action; year
1878	dc; comics; superman; universe; series; story; best; year
1879	dc; bit; source; blog; archive; family
1880	dc; source; blog; archive; woman; wonder
1881	dc; source; blog; archive; year
1882	writer; johns; geoff; york
1883	dc; batman; superman; source; blog; archive; series; earth; featuring; graphic; novel
1884	dc; week; source; blog; archive
1885	dc; source; blog; archive
1886	dc; comics; source; blog; archive
1887	dc; source; blog; archive; man
1888	dc; source; blog; archive; today; writer; art
1889	dc; preview; source; blog; archive; series
1890	preview; heroes; woman; wonder
1891	preview; heroes; flash
1892	dc; source; blog; archive
1893	dc; week; source; blog; archive; woman; wonder
1894	dc; justice; source; blog; archive; team; america
1895	dc; comics; batman; source; blog; archive; writer; artist; origin
1896	dc; superman; source; blog; archive; johns; geoff; origin
1897	dc; source; blog; archive; gotham; city; store
1898	dc; justice; league; issue; source; blog; archive; artist; team
1899	dc; nation
1900	dc; justice; league; source; blog; archive; writer; heroes; artist; cover; america
1901	dc; source; blog; archive; cover
1902	dc; comics; week; source; blog; archive; artist; cover
1903	dc; source; blog; archive; writer; artist; johns; geoff; super; young; origin
1904	dc; batman; source; blog; dark; archive; knight; writer; artist; battle
1905	dc; source; blog; archive
1906	dc; justice; league; issue; source; blog; archive; writer; artist; america
1907	dc; week; source; blog; archive; writer; artist; featuring; art
1908	dc; batman; source; blog; archive; cover
1909	dc; justice; league; issue; source; blog; archive; writer; artist; team; america; art
1910	dc; batman; source; blog; archive; writer; artist
1911	dc; source; blog; archive; news
1912	dc; comics; source; blog; archive; series; featuring; collection; lee
1913	dc; source; blog; archive; news
1914	dc; batman; week; source; blog; archive; artist
1915	dc; source; blog; archive; titans; miss
1916	dc; batman; source; blog; archive; robin; featuring; red
1917	dc; source; blog; archive; flash
1918	dc; batman; source; blog; archive; read; story
1919	dc; justice; league; source; blog; archive; writer; read; artist